file,line,type,commit,author,date,time,timezone,datetime,depth,length
style.css,1,css,9cfd0a56,t2liang,2025-02-01,14:39:29,-08:00,2025-02-01T14:39:29-08:00,0,0
style.css,2,css,44ce611b,t2liang,2025-01-31,21:21:11,-08:00,2025-01-31T21:21:11-08:00,0,14
style.css,3,css,44ce611b,t2liang,2025-01-31,21:21:11,-08:00,2025-01-31T21:21:11-08:00,0,18
style.css,4,css,44ce611b,t2liang,2025-01-31,21:21:11,-08:00,2025-01-31T21:21:11-08:00,0,9
style.css,5,css,44ce611b,t2liang,2025-01-31,21:21:11,-08:00,2025-01-31T21:21:11-08:00,0,11
style.css,6,css,44ce611b,t2liang,2025-01-31,21:21:11,-08:00,2025-01-31T21:21:11-08:00,0,14
style.css,7,css,44ce611b,t2liang,2025-01-31,21:21:11,-08:00,2025-01-31T21:21:11-08:00,0,59
style.css,8,css,44ce611b,t2liang,2025-01-31,21:21:11,-08:00,2025-01-31T21:21:11-08:00,0,0
style.css,9,css,44ce611b,t2liang,2025-01-31,21:21:11,-08:00,2025-01-31T21:21:11-08:00,0,0
style.css,10,css,44ce611b,t2liang,2025-01-31,21:21:11,-08:00,2025-01-31T21:21:11-08:00,0,31
style.css,11,css,44ce611b,t2liang,2025-01-31,21:21:11,-08:00,2025-01-31T21:21:11-08:00,0,21
style.css,12,css,44ce611b,t2liang,2025-01-31,21:21:11,-08:00,2025-01-31T21:21:11-08:00,0,29
style.css,13,css,44ce611b,t2liang,2025-01-31,21:21:11,-08:00,2025-01-31T21:21:11-08:00,0,37
style.css,14,css,44ce611b,t2liang,2025-01-31,21:21:11,-08:00,2025-01-31T21:21:11-08:00,0,17
style.css,15,css,44ce611b,t2liang,2025-01-31,21:21:11,-08:00,2025-01-31T21:21:11-08:00,0,12
style.css,16,css,44ce611b,t2liang,2025-01-31,21:21:11,-08:00,2025-01-31T21:21:11-08:00,0,18
style.css,17,css,44ce611b,t2liang,2025-01-31,21:21:11,-08:00,2025-01-31T21:21:11-08:00,0,62
style.css,18,css,44ce611b,t2liang,2025-01-31,21:21:11,-08:00,2025-01-31T21:21:11-08:00,0,0
style.css,19,css,44ce611b,t2liang,2025-01-31,21:21:11,-08:00,2025-01-31T21:21:11-08:00,0,0
style.css,20,css,44ce611b,t2liang,2025-01-31,21:21:11,-08:00,2025-01-31T21:21:11-08:00,0,0
style.css,21,css,0fc7aac5,t2liang,2025-01-10,19:05:48,-08:00,2025-01-10T19:05:48-08:00,0,5
style.css,22,css,0fc7aac5,t2liang,2025-01-10,19:05:48,-08:00,2025-01-10T19:05:48-08:00,0,44
style.css,23,css,0fc7aac5,t2liang,2025-01-10,19:05:48,-08:00,2025-01-10T19:05:48-08:00,0,43
style.css,24,css,0fc7aac5,t2liang,2025-01-10,19:05:48,-08:00,2025-01-10T19:05:48-08:00,0,1
style.css,25,css,0fc7aac5,t2liang,2025-01-10,19:05:48,-08:00,2025-01-10T19:05:48-08:00,0,24
style.css,26,css,475290ac,t2liang,2025-01-18,18:56:00,-08:00,2025-01-18T18:56:00-08:00,0,16
style.css,27,css,2756cbf6,t2liang,2025-01-18,14:34:18,-08:00,2025-01-18T14:34:18-08:00,0,13
style.css,28,css,159e1c89,t2liang,2025-01-18,17:57:35,-08:00,2025-01-18T17:57:35-08:00,0,19
style.css,29,css,159e1c89,t2liang,2025-01-18,17:57:35,-08:00,2025-01-18T17:57:35-08:00,0,16
style.css,30,css,24f81f4d,t2liang,2025-01-18,14:43:48,-08:00,2025-01-18T14:43:48-08:00,0,0
style.css,31,css,24f81f4d,t2liang,2025-01-18,14:43:48,-08:00,2025-01-18T14:43:48-08:00,0,6
style.css,32,css,24f81f4d,t2liang,2025-01-18,14:43:48,-08:00,2025-01-18T14:43:48-08:00,0,10
style.css,33,css,24f81f4d,t2liang,2025-01-18,14:43:48,-08:00,2025-01-18T14:43:48-08:00,0,68
style.css,34,css,cf2be340,t2liang,2025-01-18,17:31:56,-08:00,2025-01-18T17:31:56-08:00,0,16
style.css,35,css,24f81f4d,t2liang,2025-01-18,14:43:48,-08:00,2025-01-18T14:43:48-08:00,0,9
style.css,36,css,24f81f4d,t2liang,2025-01-18,14:43:48,-08:00,2025-01-18T14:43:48-08:00,0,10
style.css,37,css,24f81f4d,t2liang,2025-01-18,14:43:48,-08:00,2025-01-18T14:43:48-08:00,0,0
style.css,38,css,24f81f4d,t2liang,2025-01-18,14:43:48,-08:00,2025-01-18T14:43:48-08:00,0,4
style.css,39,css,24f81f4d,t2liang,2025-01-18,14:43:48,-08:00,2025-01-18T14:43:48-08:00,0,34
style.css,40,css,24f81f4d,t2liang,2025-01-18,14:43:48,-08:00,2025-01-18T14:43:48-08:00,0,77
style.css,41,css,475290ac,t2liang,2025-01-18,18:56:00,-08:00,2025-01-18T18:56:00-08:00,0,54
style.css,42,css,24f81f4d,t2liang,2025-01-18,14:43:48,-08:00,2025-01-18T14:43:48-08:00,0,51
style.css,43,css,24f81f4d,t2liang,2025-01-18,14:43:48,-08:00,2025-01-18T14:43:48-08:00,0,53
style.css,44,css,01edd9ec,t2liang,2025-01-18,19:29:42,-08:00,2025-01-18T19:29:42-08:00,0,48
style.css,45,css,dd786429,t2liang,2025-01-18,17:33:36,-08:00,2025-01-18T17:33:36-08:00,0,59
style.css,46,css,dd786429,t2liang,2025-01-18,17:33:36,-08:00,2025-01-18T17:33:36-08:00,0,72
style.css,47,css,44ce611b,t2liang,2025-01-31,21:21:11,-08:00,2025-01-31T21:21:11-08:00,0,40
style.css,48,css,24f81f4d,t2liang,2025-01-18,14:43:48,-08:00,2025-01-18T14:43:48-08:00,0,0
style.css,49,css,d102ffad,t2liang,2025-01-18,17:21:10,-08:00,2025-01-18T17:21:10-08:00,0,0
style.css,50,css,d102ffad,t2liang,2025-01-18,17:21:10,-08:00,2025-01-18T17:21:10-08:00,0,32
style.css,51,css,d102ffad,t2liang,2025-01-18,17:21:10,-08:00,2025-01-18T17:21:10-08:00,0,6
style.css,52,css,44ce611b,t2liang,2025-01-31,21:21:11,-08:00,2025-01-31T21:21:11-08:00,0,44
style.css,53,css,d102ffad,t2liang,2025-01-18,17:21:10,-08:00,2025-01-18T17:21:10-08:00,0,48
style.css,54,css,d102ffad,t2liang,2025-01-18,17:21:10,-08:00,2025-01-18T17:21:10-08:00,0,55
style.css,55,css,d102ffad,t2liang,2025-01-18,17:21:10,-08:00,2025-01-18T17:21:10-08:00,0,63
style.css,56,css,d102ffad,t2liang,2025-01-18,17:21:10,-08:00,2025-01-18T17:21:10-08:00,0,42
style.css,57,css,d102ffad,t2liang,2025-01-18,17:21:10,-08:00,2025-01-18T17:21:10-08:00,0,36
style.css,58,css,d102ffad,t2liang,2025-01-18,17:21:10,-08:00,2025-01-18T17:21:10-08:00,0,72
style.css,59,css,d102ffad,t2liang,2025-01-18,17:21:10,-08:00,2025-01-18T17:21:10-08:00,0,0
style.css,60,css,c9e0ad65,t2liang,2025-02-12,16:51:15,-08:00,2025-02-12T16:51:15-08:00,0,14
style.css,61,css,c9e0ad65,t2liang,2025-02-12,16:51:15,-08:00,2025-02-12T16:51:15-08:00,0,15
style.css,62,css,c9e0ad65,t2liang,2025-02-12,16:51:15,-08:00,2025-02-12T16:51:15-08:00,0,25
style.css,63,css,c9e0ad65,t2liang,2025-02-12,16:51:15,-08:00,2025-02-12T16:51:15-08:00,0,14
style.css,64,css,c9e0ad65,t2liang,2025-02-12,16:51:15,-08:00,2025-02-12T16:51:15-08:00,0,29
style.css,65,css,ae471ccb,t2liang,2025-02-10,18:31:48,-08:00,2025-02-10T18:31:48-08:00,0,0
style.css,66,css,d102ffad,t2liang,2025-01-18,17:21:10,-08:00,2025-01-18T17:21:10-08:00,0,0
style.css,67,css,c9e0ad65,t2liang,2025-02-12,16:51:15,-08:00,2025-02-12T16:51:15-08:00,0,26
style.css,68,css,c9e0ad65,t2liang,2025-02-12,16:51:15,-08:00,2025-02-12T16:51:15-08:00,0,16
style.css,69,css,c9e0ad65,t2liang,2025-02-12,16:51:15,-08:00,2025-02-12T16:51:15-08:00,0,25
style.css,70,css,c9e0ad65,t2liang,2025-02-12,16:51:15,-08:00,2025-02-12T16:51:15-08:00,0,11
style.css,71,css,c9e0ad65,t2liang,2025-02-12,16:51:15,-08:00,2025-02-12T16:51:15-08:00,0,29
style.css,72,css,9cfd0a56,t2liang,2025-02-01,14:39:29,-08:00,2025-02-01T14:39:29-08:00,0,0
style.css,73,css,9cfd0a56,t2liang,2025-02-01,14:39:29,-08:00,2025-02-01T14:39:29-08:00,0,0
style.css,74,css,d102ffad,t2liang,2025-01-18,17:21:10,-08:00,2025-01-18T17:21:10-08:00,0,28
style.css,75,css,d102ffad,t2liang,2025-01-18,17:21:10,-08:00,2025-01-18T17:21:10-08:00,0,12
style.css,76,css,44ce611b,t2liang,2025-01-31,21:21:11,-08:00,2025-01-31T21:21:11-08:00,0,70
style.css,77,css,578cdace,t2liang,2025-01-18,18:16:38,-08:00,2025-01-18T18:16:38-08:00,0,28
style.css,78,css,d102ffad,t2liang,2025-01-18,17:21:10,-08:00,2025-01-18T17:21:10-08:00,0,35
style.css,79,css,d102ffad,t2liang,2025-01-18,17:21:10,-08:00,2025-01-18T17:21:10-08:00,0,0
style.css,80,css,d102ffad,t2liang,2025-01-18,17:21:10,-08:00,2025-01-18T17:21:10-08:00,0,0
style.css,81,css,d102ffad,t2liang,2025-01-18,17:21:10,-08:00,2025-01-18T17:21:10-08:00,0,31
style.css,82,css,d102ffad,t2liang,2025-01-18,17:21:10,-08:00,2025-01-18T17:21:10-08:00,0,14
style.css,83,css,71dddb0f,t2liang,2025-01-18,18:09:40,-08:00,2025-01-18T18:09:40-08:00,0,102
style.css,84,css,71dddb0f,t2liang,2025-01-18,18:09:40,-08:00,2025-01-18T18:09:40-08:00,0,48
style.css,85,css,71dddb0f,t2liang,2025-01-18,18:09:40,-08:00,2025-01-18T18:09:40-08:00,0,55
style.css,86,css,71dddb0f,t2liang,2025-01-18,18:09:40,-08:00,2025-01-18T18:09:40-08:00,0,35
style.css,87,css,cf2be340,t2liang,2025-01-18,17:31:56,-08:00,2025-01-18T17:31:56-08:00,0,0
style.css,88,css,475290ac,t2liang,2025-01-18,18:56:00,-08:00,2025-01-18T18:56:00-08:00,0,0
style.css,89,css,475290ac,t2liang,2025-01-18,18:56:00,-08:00,2025-01-18T18:56:00-08:00,0,34
style.css,90,css,475290ac,t2liang,2025-01-18,18:56:00,-08:00,2025-01-18T18:56:00-08:00,0,5
style.css,91,css,475290ac,t2liang,2025-01-18,18:56:00,-08:00,2025-01-18T18:56:00-08:00,0,56
style.css,92,css,475290ac,t2liang,2025-01-18,18:56:00,-08:00,2025-01-18T18:56:00-08:00,0,51
style.css,93,css,475290ac,t2liang,2025-01-18,18:56:00,-08:00,2025-01-18T18:56:00-08:00,0,94
style.css,94,css,475290ac,t2liang,2025-01-18,18:56:00,-08:00,2025-01-18T18:56:00-08:00,0,52
style.css,95,css,475290ac,t2liang,2025-01-18,18:56:00,-08:00,2025-01-18T18:56:00-08:00,0,11
style.css,96,css,475290ac,t2liang,2025-01-18,18:56:00,-08:00,2025-01-18T18:56:00-08:00,0,64
style.css,97,css,475290ac,t2liang,2025-01-18,18:56:00,-08:00,2025-01-18T18:56:00-08:00,0,41
style.css,98,css,475290ac,t2liang,2025-01-18,18:56:00,-08:00,2025-01-18T18:56:00-08:00,0,13
style.css,99,css,475290ac,t2liang,2025-01-18,18:56:00,-08:00,2025-01-18T18:56:00-08:00,0,0
style.css,100,css,475290ac,t2liang,2025-01-18,18:56:00,-08:00,2025-01-18T18:56:00-08:00,0,0
style.css,101,css,475290ac,t2liang,2025-01-18,18:56:00,-08:00,2025-01-18T18:56:00-08:00,0,34
style.css,102,css,475290ac,t2liang,2025-01-18,18:56:00,-08:00,2025-01-18T18:56:00-08:00,0,11
style.css,103,css,475290ac,t2liang,2025-01-18,18:56:00,-08:00,2025-01-18T18:56:00-08:00,0,58
style.css,104,css,475290ac,t2liang,2025-01-18,18:56:00,-08:00,2025-01-18T18:56:00-08:00,0,78
style.css,105,css,475290ac,t2liang,2025-01-18,18:56:00,-08:00,2025-01-18T18:56:00-08:00,0,52
style.css,106,css,475290ac,t2liang,2025-01-18,18:56:00,-08:00,2025-01-18T18:56:00-08:00,0,65
style.css,107,css,475290ac,t2liang,2025-01-18,18:56:00,-08:00,2025-01-18T18:56:00-08:00,0,0
style.css,108,css,475290ac,t2liang,2025-01-18,18:56:00,-08:00,2025-01-18T18:56:00-08:00,0,0
style.css,109,css,475290ac,t2liang,2025-01-18,18:56:00,-08:00,2025-01-18T18:56:00-08:00,0,57
style.css,110,css,475290ac,t2liang,2025-01-18,18:56:00,-08:00,2025-01-18T18:56:00-08:00,0,39
style.css,111,css,475290ac,t2liang,2025-01-18,18:56:00,-08:00,2025-01-18T18:56:00-08:00,0,82
style.css,112,css,475290ac,t2liang,2025-01-18,18:56:00,-08:00,2025-01-18T18:56:00-08:00,0,61
style.css,113,css,475290ac,t2liang,2025-01-18,18:56:00,-08:00,2025-01-18T18:56:00-08:00,0,80
style.css,114,css,475290ac,t2liang,2025-01-18,18:56:00,-08:00,2025-01-18T18:56:00-08:00,0,70
style.css,115,css,475290ac,t2liang,2025-01-18,18:56:00,-08:00,2025-01-18T18:56:00-08:00,0,54
style.css,116,css,475290ac,t2liang,2025-01-18,18:56:00,-08:00,2025-01-18T18:56:00-08:00,0,64
style.css,117,css,475290ac,t2liang,2025-01-18,18:56:00,-08:00,2025-01-18T18:56:00-08:00,0,0
style.css,118,css,475290ac,t2liang,2025-01-18,18:56:00,-08:00,2025-01-18T18:56:00-08:00,0,0
style.css,119,css,475290ac,t2liang,2025-01-18,18:56:00,-08:00,2025-01-18T18:56:00-08:00,0,30
style.css,120,css,475290ac,t2liang,2025-01-18,18:56:00,-08:00,2025-01-18T18:56:00-08:00,0,12
style.css,121,css,475290ac,t2liang,2025-01-18,18:56:00,-08:00,2025-01-18T18:56:00-08:00,0,83
style.css,122,css,475290ac,t2liang,2025-01-18,18:56:00,-08:00,2025-01-18T18:56:00-08:00,0,59
style.css,123,css,475290ac,t2liang,2025-01-18,18:56:00,-08:00,2025-01-18T18:56:00-08:00,0,55
style.css,124,css,475290ac,t2liang,2025-01-18,18:56:00,-08:00,2025-01-18T18:56:00-08:00,0,55
style.css,125,css,475290ac,t2liang,2025-01-18,18:56:00,-08:00,2025-01-18T18:56:00-08:00,0,36
style.css,126,css,475290ac,t2liang,2025-01-18,18:56:00,-08:00,2025-01-18T18:56:00-08:00,0,32
style.css,127,css,475290ac,t2liang,2025-01-18,18:56:00,-08:00,2025-01-18T18:56:00-08:00,0,42
style.css,128,css,475290ac,t2liang,2025-01-18,18:56:00,-08:00,2025-01-18T18:56:00-08:00,0,66
style.css,129,css,475290ac,t2liang,2025-01-18,18:56:00,-08:00,2025-01-18T18:56:00-08:00,0,66
style.css,130,css,475290ac,t2liang,2025-01-18,18:56:00,-08:00,2025-01-18T18:56:00-08:00,0,0
style.css,131,css,475290ac,t2liang,2025-01-18,18:56:00,-08:00,2025-01-18T18:56:00-08:00,0,0
style.css,132,css,475290ac,t2liang,2025-01-18,18:56:00,-08:00,2025-01-18T18:56:00-08:00,0,24
style.css,133,css,475290ac,t2liang,2025-01-18,18:56:00,-08:00,2025-01-18T18:56:00-08:00,0,18
style.css,134,css,475290ac,t2liang,2025-01-18,18:56:00,-08:00,2025-01-18T18:56:00-08:00,0,58
style.css,135,css,475290ac,t2liang,2025-01-18,18:56:00,-08:00,2025-01-18T18:56:00-08:00,0,0
style.css,136,css,1dd17d26,t2liang,2025-01-18,21:13:04,-08:00,2025-01-18T21:13:04-08:00,0,0
style.css,137,css,1dd17d26,t2liang,2025-01-18,21:13:04,-08:00,2025-01-18T21:13:04-08:00,0,41
style.css,138,css,1dd17d26,t2liang,2025-01-18,21:13:04,-08:00,2025-01-18T21:13:04-08:00,0,10
style.css,139,css,1dd17d26,t2liang,2025-01-18,21:13:04,-08:00,2025-01-18T21:13:04-08:00,0,37
style.css,140,css,1dd17d26,t2liang,2025-01-18,21:13:04,-08:00,2025-01-18T21:13:04-08:00,0,82
style.css,141,css,1dd17d26,t2liang,2025-01-18,21:13:04,-08:00,2025-01-18T21:13:04-08:00,0,39
style.css,142,css,1dd17d26,t2liang,2025-01-18,21:13:04,-08:00,2025-01-18T21:13:04-08:00,0,56
style.css,143,css,1dd17d26,t2liang,2025-01-18,21:13:04,-08:00,2025-01-18T21:13:04-08:00,0,0
style.css,144,css,1dd17d26,t2liang,2025-01-18,21:13:04,-08:00,2025-01-18T21:13:04-08:00,0,0
style.css,145,css,1dd17d26,t2liang,2025-01-18,21:13:04,-08:00,2025-01-18T21:13:04-08:00,0,48
style.css,146,css,1dd17d26,t2liang,2025-01-18,21:13:04,-08:00,2025-01-18T21:13:04-08:00,0,18
style.css,147,css,1dd17d26,t2liang,2025-01-18,21:13:04,-08:00,2025-01-18T21:13:04-08:00,0,54
style.css,148,css,1dd17d26,t2liang,2025-01-18,21:13:04,-08:00,2025-01-18T21:13:04-08:00,0,74
style.css,149,css,1dd17d26,t2liang,2025-01-18,21:13:04,-08:00,2025-01-18T21:13:04-08:00,0,56
style.css,150,css,1dd17d26,t2liang,2025-01-18,21:13:04,-08:00,2025-01-18T21:13:04-08:00,0,51
style.css,151,css,1dd17d26,t2liang,2025-01-18,21:13:04,-08:00,2025-01-18T21:13:04-08:00,0,0
style.css,152,css,1dd17d26,t2liang,2025-01-18,21:13:04,-08:00,2025-01-18T21:13:04-08:00,0,0
style.css,153,css,1dd17d26,t2liang,2025-01-18,21:13:04,-08:00,2025-01-18T21:13:04-08:00,0,21
style.css,154,css,1dd17d26,t2liang,2025-01-18,21:13:04,-08:00,2025-01-18T21:13:04-08:00,0,58
style.css,155,css,1dd17d26,t2liang,2025-01-18,21:13:04,-08:00,2025-01-18T21:13:04-08:00,0,38
style.css,156,css,1dd17d26,t2liang,2025-01-18,21:13:04,-08:00,2025-01-18T21:13:04-08:00,0,0
style.css,157,css,1dd17d26,t2liang,2025-01-18,21:13:04,-08:00,2025-01-18T21:13:04-08:00,0,0
style.css,158,css,1dd17d26,t2liang,2025-01-18,21:13:04,-08:00,2025-01-18T21:13:04-08:00,0,50
style.css,159,css,1dd17d26,t2liang,2025-01-18,21:13:04,-08:00,2025-01-18T21:13:04-08:00,0,3
style.css,160,css,9095d3f6,t2liang,2025-01-18,21:30:54,-08:00,2025-01-18T21:30:54-08:00,0,57
style.css,161,css,1dd17d26,t2liang,2025-01-18,21:13:04,-08:00,2025-01-18T21:13:04-08:00,0,49
style.css,162,css,1dd17d26,t2liang,2025-01-18,21:13:04,-08:00,2025-01-18T21:13:04-08:00,0,45
style.css,163,css,1dd17d26,t2liang,2025-01-18,21:13:04,-08:00,2025-01-18T21:13:04-08:00,0,0
style.css,164,css,1dd17d26,t2liang,2025-01-18,21:13:04,-08:00,2025-01-18T21:13:04-08:00,0,0
style.css,165,css,1dd17d26,t2liang,2025-01-18,21:13:04,-08:00,2025-01-18T21:13:04-08:00,0,3
style.css,166,css,9095d3f6,t2liang,2025-01-18,21:30:54,-08:00,2025-01-18T21:30:54-08:00,0,59
style.css,167,css,1dd17d26,t2liang,2025-01-18,21:13:04,-08:00,2025-01-18T21:13:04-08:00,0,49
style.css,168,css,1dd17d26,t2liang,2025-01-18,21:13:04,-08:00,2025-01-18T21:13:04-08:00,0,45
style.css,169,css,1dd17d26,t2liang,2025-01-18,21:13:04,-08:00,2025-01-18T21:13:04-08:00,0,0
style.css,170,css,1dd17d26,t2liang,2025-01-18,21:13:04,-08:00,2025-01-18T21:13:04-08:00,0,0
style.css,171,css,1dd17d26,t2liang,2025-01-18,21:13:04,-08:00,2025-01-18T21:13:04-08:00,0,61
style.css,172,css,1dd17d26,t2liang,2025-01-18,21:13:04,-08:00,2025-01-18T21:13:04-08:00,0,23
style.css,173,css,1dd17d26,t2liang,2025-01-18,21:13:04,-08:00,2025-01-18T21:13:04-08:00,0,45
style.css,174,css,1dd17d26,t2liang,2025-01-18,21:13:04,-08:00,2025-01-18T21:13:04-08:00,0,45
style.css,175,css,1dd17d26,t2liang,2025-01-18,21:13:04,-08:00,2025-01-18T21:13:04-08:00,0,57
style.css,176,css,1dd17d26,t2liang,2025-01-18,21:13:04,-08:00,2025-01-18T21:13:04-08:00,0,0
style.css,177,css,1dd17d26,t2liang,2025-01-18,21:13:04,-08:00,2025-01-18T21:13:04-08:00,0,0
style.css,178,css,1dd17d26,t2liang,2025-01-18,21:13:04,-08:00,2025-01-18T21:13:04-08:00,0,64
style.css,179,css,1dd17d26,t2liang,2025-01-18,21:13:04,-08:00,2025-01-18T21:13:04-08:00,0,22
style.css,180,css,1dd17d26,t2liang,2025-01-18,21:13:04,-08:00,2025-01-18T21:13:04-08:00,0,62
style.css,181,css,1dd17d26,t2liang,2025-01-18,21:13:04,-08:00,2025-01-18T21:13:04-08:00,0,40
style.css,182,css,1dd17d26,t2liang,2025-01-18,21:13:04,-08:00,2025-01-18T21:13:04-08:00,0,0
style.css,183,css,ed767054,t2liang,2025-01-18,21:21:06,-08:00,2025-01-18T21:21:06-08:00,0,0
style.css,184,css,ed767054,t2liang,2025-01-18,21:21:06,-08:00,2025-01-18T21:21:06-08:00,0,0
style.css,185,css,ed767054,t2liang,2025-01-18,21:21:06,-08:00,2025-01-18T21:21:06-08:00,0,21
style.css,186,css,ed767054,t2liang,2025-01-18,21:21:06,-08:00,2025-01-18T21:21:06-08:00,0,8
style.css,187,css,ed767054,t2liang,2025-01-18,21:21:06,-08:00,2025-01-18T21:21:06-08:00,0,13
style.css,188,css,ed767054,t2liang,2025-01-18,21:21:06,-08:00,2025-01-18T21:21:06-08:00,0,98
style.css,189,css,ed767054,t2liang,2025-01-18,21:21:06,-08:00,2025-01-18T21:21:06-08:00,0,9
style.css,190,css,ed767054,t2liang,2025-01-18,21:21:06,-08:00,2025-01-18T21:21:06-08:00,0,15
style.css,191,css,ed767054,t2liang,2025-01-18,21:21:06,-08:00,2025-01-18T21:21:06-08:00,0,16
style.css,192,css,ed767054,t2liang,2025-01-18,21:21:06,-08:00,2025-01-18T21:21:06-08:00,0,0
style.css,193,css,ed767054,t2liang,2025-01-18,21:21:06,-08:00,2025-01-18T21:21:06-08:00,0,0
style.css,194,css,ed767054,t2liang,2025-01-18,21:21:06,-08:00,2025-01-18T21:21:06-08:00,0,61
style.css,195,css,ed767054,t2liang,2025-01-18,21:21:06,-08:00,2025-01-18T21:21:06-08:00,0,11
style.css,196,css,ed767054,t2liang,2025-01-18,21:21:06,-08:00,2025-01-18T21:21:06-08:00,0,43
style.css,197,css,ed767054,t2liang,2025-01-18,21:21:06,-08:00,2025-01-18T21:21:06-08:00,0,21
style.css,198,css,ed767054,t2liang,2025-01-18,21:21:06,-08:00,2025-01-18T21:21:06-08:00,0,0
style.css,199,css,ed767054,t2liang,2025-01-18,21:21:06,-08:00,2025-01-18T21:21:06-08:00,0,0
style.css,200,css,ed767054,t2liang,2025-01-18,21:21:06,-08:00,2025-01-18T21:21:06-08:00,0,11
style.css,201,css,ed767054,t2liang,2025-01-18,21:21:06,-08:00,2025-01-18T21:21:06-08:00,0,20
style.css,202,css,ed767054,t2liang,2025-01-18,21:21:06,-08:00,2025-01-18T21:21:06-08:00,0,16
style.css,203,css,ed767054,t2liang,2025-01-18,21:21:06,-08:00,2025-01-18T21:21:06-08:00,0,0
style.css,204,css,ed767054,t2liang,2025-01-18,21:21:06,-08:00,2025-01-18T21:21:06-08:00,0,0
style.css,205,css,ed767054,t2liang,2025-01-18,21:21:06,-08:00,2025-01-18T21:21:06-08:00,0,54
style.css,206,css,ed767054,t2liang,2025-01-18,21:21:06,-08:00,2025-01-18T21:21:06-08:00,0,17
style.css,207,css,ed767054,t2liang,2025-01-18,21:21:06,-08:00,2025-01-18T21:21:06-08:00,0,19
style.css,208,css,9cfd0a56,t2liang,2025-02-01,14:39:29,-08:00,2025-02-01T14:39:29-08:00,0,0
style.css,209,css,9cfd0a56,t2liang,2025-02-01,14:39:29,-08:00,2025-02-01T14:39:29-08:00,0,0
style.css,210,css,9cfd0a56,t2liang,2025-02-01,14:39:29,-08:00,2025-02-01T14:39:29-08:00,0,5
style.css,211,css,9cfd0a56,t2liang,2025-02-01,14:39:29,-08:00,2025-02-01T14:39:29-08:00,0,24
style.css,212,css,1aa64a24,t2liang,2025-02-01,23:26:20,-08:00,2025-02-01T23:26:20-08:00,0,0
style.css,213,css,1aa64a24,t2liang,2025-02-01,23:26:20,-08:00,2025-02-01T23:26:20-08:00,0,0
style.css,214,css,1aa64a24,t2liang,2025-02-01,23:26:20,-08:00,2025-02-01T23:26:20-08:00,0,14
style.css,215,css,1aa64a24,t2liang,2025-02-01,23:26:20,-08:00,2025-02-01T23:26:20-08:00,0,13
style.css,216,css,1aa64a24,t2liang,2025-02-01,23:26:20,-08:00,2025-02-01T23:26:20-08:00,0,62
style.css,217,css,1aa64a24,t2liang,2025-02-01,23:26:20,-08:00,2025-02-01T23:26:20-08:00,0,9
style.css,218,css,1aa64a24,t2liang,2025-02-01,23:26:20,-08:00,2025-02-01T23:26:20-08:00,0,18
style.css,219,css,1aa64a24,t2liang,2025-02-01,23:26:20,-08:00,2025-02-01T23:26:20-08:00,0,16
style.css,220,css,1aa64a24,t2liang,2025-02-01,23:26:20,-08:00,2025-02-01T23:26:20-08:00,0,0
style.css,221,css,1aa64a24,t2liang,2025-02-01,23:26:20,-08:00,2025-02-01T23:26:20-08:00,0,0
style.css,222,css,1aa64a24,t2liang,2025-02-01,23:26:20,-08:00,2025-02-01T23:26:20-08:00,0,17
style.css,223,css,1aa64a24,t2liang,2025-02-01,23:26:20,-08:00,2025-02-01T23:26:20-08:00,0,17
style.css,224,css,1aa64a24,t2liang,2025-02-01,23:26:20,-08:00,2025-02-01T23:26:20-08:00,0,56
style.css,225,css,1aa64a24,t2liang,2025-02-01,23:26:20,-08:00,2025-02-01T23:26:20-08:00,0,0
style.css,226,css,1aa64a24,t2liang,2025-02-01,23:26:20,-08:00,2025-02-01T23:26:20-08:00,0,0
style.css,227,css,1aa64a24,t2liang,2025-02-01,23:26:20,-08:00,2025-02-01T23:26:20-08:00,0,17
style.css,228,css,1aa64a24,t2liang,2025-02-01,23:26:20,-08:00,2025-02-01T23:26:20-08:00,0,9
style.css,229,css,1aa64a24,t2liang,2025-02-01,23:26:20,-08:00,2025-02-01T23:26:20-08:00,0,57
style.css,230,css,6bf6b375,t2liang,2025-02-07,18:30:09,-08:00,2025-02-07T18:30:09-08:00,0,0
style.css,231,css,6bf6b375,t2liang,2025-02-07,18:30:09,-08:00,2025-02-07T18:30:09-08:00,0,0
style.css,232,css,6bf6b375,t2liang,2025-02-07,18:30:09,-08:00,2025-02-07T18:30:09-08:00,0,19
style.css,233,css,ac983847,t2liang,2025-02-08,22:38:43,-08:00,2025-02-08T22:38:43-08:00,0,14
style.css,234,css,6bf6b375,t2liang,2025-02-07,18:30:09,-08:00,2025-02-07T18:30:09-08:00,0,17
style.css,235,css,6bf6b375,t2liang,2025-02-07,18:30:09,-08:00,2025-02-07T18:30:09-08:00,0,17
style.css,236,css,b4d90f87,t2liang,2025-02-07,21:28:54,-08:00,2025-02-07T21:28:54-08:00,0,0
style.css,237,css,b4d90f87,t2liang,2025-02-07,21:28:54,-08:00,2025-02-07T21:28:54-08:00,0,0
style.css,238,css,b4d90f87,t2liang,2025-02-07,21:28:54,-08:00,2025-02-07T21:28:54-08:00,0,8
style.css,239,css,d3146954,t2liang,2025-02-08,18:54:25,-08:00,2025-02-08T18:54:25-08:00,0,13
style.css,240,css,99d38275,t2liang,2025-02-08,19:02:43,-08:00,2025-02-08T19:02:43-08:00,0,58
style.css,241,css,47f61a65,t2liang,2025-02-08,18:43:55,-08:00,2025-02-08T18:43:55-08:00,0,45
style.css,242,css,47f61a65,t2liang,2025-02-08,18:43:55,-08:00,2025-02-08T18:43:55-08:00,0,50
style.css,243,css,47f61a65,t2liang,2025-02-08,18:43:55,-08:00,2025-02-08T18:43:55-08:00,0,9
style.css,244,css,dee60ca6,t2liang,2025-02-08,23:02:14,-08:00,2025-02-08T23:02:14-08:00,0,8
style.css,245,css,dee60ca6,t2liang,2025-02-08,23:02:14,-08:00,2025-02-08T23:02:14-08:00,0,15
style.css,246,css,44b2ee7c,t2liang,2025-02-08,22:29:12,-08:00,2025-02-08T22:29:12-08:00,0,6
style.css,247,css,0858bf2d,t2liang,2025-02-08,19:47:59,-08:00,2025-02-08T19:47:59-08:00,0,22
style.css,248,css,44b2ee7c,t2liang,2025-02-08,22:29:12,-08:00,2025-02-08T22:29:12-08:00,0,22
style.css,249,css,b4d90f87,t2liang,2025-02-07,21:28:54,-08:00,2025-02-07T21:28:54-08:00,0,0
style.css,250,css,e493e169,t2liang,2025-02-07,21:41:54,-08:00,2025-02-07T21:41:54-08:00,0,13
style.css,251,css,e493e169,t2liang,2025-02-07,21:41:54,-08:00,2025-02-07T21:41:54-08:00,0,13
style.css,252,css,e493e169,t2liang,2025-02-07,21:41:54,-08:00,2025-02-07T21:41:54-08:00,0,59
style.css,253,css,44b2ee7c,t2liang,2025-02-08,22:29:12,-08:00,2025-02-08T22:29:12-08:00,0,48
style.css,254,css,e493e169,t2liang,2025-02-07,21:41:54,-08:00,2025-02-07T21:41:54-08:00,0,0
style.css,255,css,b4d90f87,t2liang,2025-02-07,21:28:54,-08:00,2025-02-07T21:28:54-08:00,0,11
style.css,256,css,b4d90f87,t2liang,2025-02-07,21:28:54,-08:00,2025-02-07T21:28:54-08:00,0,42
style.css,257,css,44b2ee7c,t2liang,2025-02-08,22:29:12,-08:00,2025-02-08T22:29:12-08:00,0,15
style.css,258,css,9059d1a9,t2liang,2025-02-08,19:51:24,-08:00,2025-02-08T19:51:24-08:00,0,59
style.css,259,css,dee60ca6,t2liang,2025-02-08,23:02:14,-08:00,2025-02-08T23:02:14-08:00,0,57
style.css,260,css,da88f4f3,t2liang,2025-02-08,19:53:35,-08:00,2025-02-08T19:53:35-08:00,0,55
style.css,261,css,99d38275,t2liang,2025-02-08,19:02:43,-08:00,2025-02-08T19:02:43-08:00,0,45
style.css,262,css,b763ea2c,t2liang,2025-02-07,22:07:55,-08:00,2025-02-07T22:07:55-08:00,0,0
style.css,263,css,b763ea2c,t2liang,2025-02-07,22:07:55,-08:00,2025-02-07T22:07:55-08:00,0,8
style.css,264,css,b763ea2c,t2liang,2025-02-07,22:07:55,-08:00,2025-02-07T22:07:55-08:00,0,11
style.css,265,css,b763ea2c,t2liang,2025-02-07,22:07:55,-08:00,2025-02-07T22:07:55-08:00,0,12
style.css,266,css,b763ea2c,t2liang,2025-02-07,22:07:55,-08:00,2025-02-07T22:07:55-08:00,0,19
style.css,267,css,b763ea2c,t2liang,2025-02-07,22:07:55,-08:00,2025-02-07T22:07:55-08:00,0,40
style.css,268,css,efadc406,t2liang,2025-02-07,22:25:28,-08:00,2025-02-07T22:25:28-08:00,0,22
style.css,269,css,b763ea2c,t2liang,2025-02-07,22:07:55,-08:00,2025-02-07T22:07:55-08:00,0,17
style.css,270,css,b763ea2c,t2liang,2025-02-07,22:07:55,-08:00,2025-02-07T22:07:55-08:00,0,21
style.css,271,css,c3cae16e,t2liang,2025-02-07,22:50:44,-08:00,2025-02-07T22:50:44-08:00,0,64
style.css,272,css,b4d90f87,t2liang,2025-02-07,21:28:54,-08:00,2025-02-07T21:28:54-08:00,0,0
resume.html,1,html,dc82a921,t2liang,2025-01-10,18:58:44,-08:00,2025-01-10T18:58:44-08:00,0,14
resume.html,2,html,dc82a921,t2liang,2025-01-10,18:58:44,-08:00,2025-01-10T18:58:44-08:00,0,15
resume.html,3,html,dc82a921,t2liang,2025-01-10,18:58:44,-08:00,2025-01-10T18:58:44-08:00,0,5
resume.html,4,html,475290ac,t2liang,2025-01-18,18:56:00,-08:00,2025-01-18T18:56:00-08:00,0,39
resume.html,5,html,62a2ff38,t2liang,2025-01-10,19:36:17,-08:00,2025-01-10T19:36:17-08:00,0,21
resume.html,6,html,62a2ff38,t2liang,2025-01-10,19:36:17,-08:00,2025-01-10T19:36:17-08:00,0,69
resume.html,7,html,62a2ff38,t2liang,2025-01-10,19:36:17,-08:00,2025-01-10T19:36:17-08:00,0,21
resume.html,8,html,dc82a921,t2liang,2025-01-10,18:58:44,-08:00,2025-01-10T18:58:44-08:00,0,6
resume.html,9,html,dc82a921,t2liang,2025-01-10,18:58:44,-08:00,2025-01-10T18:58:44-08:00,0,5
resume.html,10,html,1dfcfd56,t2liang,2025-01-31,20:12:45,-08:00,2025-01-31T20:12:45-08:00,0,0
resume.html,11,html,dc82a921,t2liang,2025-01-10,18:58:44,-08:00,2025-01-10T18:58:44-08:00,0,0
resume.html,12,html,dc82a921,t2liang,2025-01-10,18:58:44,-08:00,2025-01-10T18:58:44-08:00,0,7
resume.html,13,html,dc82a921,t2liang,2025-01-10,18:58:44,-08:00,2025-01-10T18:58:44-08:00,0,19
resume.html,14,html,dc82a921,t2liang,2025-01-10,18:58:44,-08:00,2025-01-10T18:58:44-08:00,0,54
resume.html,15,html,dc82a921,t2liang,2025-01-10,18:58:44,-08:00,2025-01-10T18:58:44-08:00,0,8
resume.html,16,html,dc82a921,t2liang,2025-01-10,18:58:44,-08:00,2025-01-10T18:58:44-08:00,0,0
resume.html,17,html,dc82a921,t2liang,2025-01-10,18:58:44,-08:00,2025-01-10T18:58:44-08:00,0,8
resume.html,18,html,dc82a921,t2liang,2025-01-10,18:58:44,-08:00,2025-01-10T18:58:44-08:00,0,30
resume.html,19,html,dc82a921,t2liang,2025-01-10,18:58:44,-08:00,2025-01-10T18:58:44-08:00,0,31
resume.html,20,html,dc82a921,t2liang,2025-01-10,18:58:44,-08:00,2025-01-10T18:58:44-08:00,0,8
resume.html,21,html,dc82a921,t2liang,2025-01-10,18:58:44,-08:00,2025-01-10T18:58:44-08:00,0,8
resume.html,22,html,dc82a921,t2liang,2025-01-10,18:58:44,-08:00,2025-01-10T18:58:44-08:00,0,7
resume.html,23,html,dc82a921,t2liang,2025-01-10,18:58:44,-08:00,2025-01-10T18:58:44-08:00,0,29
resume.html,24,html,dc82a921,t2liang,2025-01-10,18:58:44,-08:00,2025-01-10T18:58:44-08:00,0,26
resume.html,25,html,dc82a921,t2liang,2025-01-10,18:58:44,-08:00,2025-01-10T18:58:44-08:00,0,8
resume.html,26,html,dc82a921,t2liang,2025-01-10,18:58:44,-08:00,2025-01-10T18:58:44-08:00,0,138
resume.html,27,html,dc82a921,t2liang,2025-01-10,18:58:44,-08:00,2025-01-10T18:58:44-08:00,0,3
resume.html,28,html,dc82a921,t2liang,2025-01-10,18:58:44,-08:00,2025-01-10T18:58:44-08:00,0,70
resume.html,29,html,dc82a921,t2liang,2025-01-10,18:58:44,-08:00,2025-01-10T18:58:44-08:00,0,70
resume.html,30,html,dc82a921,t2liang,2025-01-10,18:58:44,-08:00,2025-01-10T18:58:44-08:00,0,75
resume.html,31,html,dc82a921,t2liang,2025-01-10,18:58:44,-08:00,2025-01-10T18:58:44-08:00,0,4
resume.html,32,html,dc82a921,t2liang,2025-01-10,18:58:44,-08:00,2025-01-10T18:58:44-08:00,0,9
resume.html,33,html,dc82a921,t2liang,2025-01-10,18:58:44,-08:00,2025-01-10T18:58:44-08:00,0,8
resume.html,34,html,dc82a921,t2liang,2025-01-10,18:58:44,-08:00,2025-01-10T18:58:44-08:00,0,7
resume.html,35,html,dc82a921,t2liang,2025-01-10,18:58:44,-08:00,2025-01-10T18:58:44-08:00,0,36
resume.html,36,html,dc82a921,t2liang,2025-01-10,18:58:44,-08:00,2025-01-10T18:58:44-08:00,0,23
resume.html,37,html,dc82a921,t2liang,2025-01-10,18:58:44,-08:00,2025-01-10T18:58:44-08:00,0,8
resume.html,38,html,dc82a921,t2liang,2025-01-10,18:58:44,-08:00,2025-01-10T18:58:44-08:00,0,82
resume.html,39,html,9095d3f6,t2liang,2025-01-18,21:30:54,-08:00,2025-01-18T21:30:54-08:00,0,3
resume.html,40,html,9095d3f6,t2liang,2025-01-18,21:30:54,-08:00,2025-01-18T21:30:54-08:00,0,60
resume.html,41,html,9095d3f6,t2liang,2025-01-18,21:30:54,-08:00,2025-01-18T21:30:54-08:00,0,67
resume.html,42,html,9095d3f6,t2liang,2025-01-18,21:30:54,-08:00,2025-01-18T21:30:54-08:00,0,4
resume.html,43,html,dc82a921,t2liang,2025-01-10,18:58:44,-08:00,2025-01-10T18:58:44-08:00,0,9
resume.html,44,html,9095d3f6,t2liang,2025-01-18,21:30:54,-08:00,2025-01-18T21:30:54-08:00,0,8
resume.html,45,html,9095d3f6,t2liang,2025-01-18,21:30:54,-08:00,2025-01-18T21:30:54-08:00,0,7
resume.html,46,html,9095d3f6,t2liang,2025-01-18,21:30:54,-08:00,2025-01-18T21:30:54-08:00,0,23
resume.html,47,html,9095d3f6,t2liang,2025-01-18,21:30:54,-08:00,2025-01-18T21:30:54-08:00,0,23
resume.html,48,html,9095d3f6,t2liang,2025-01-18,21:30:54,-08:00,2025-01-18T21:30:54-08:00,0,8
resume.html,49,html,9095d3f6,t2liang,2025-01-18,21:30:54,-08:00,2025-01-18T21:30:54-08:00,0,79
resume.html,50,html,9095d3f6,t2liang,2025-01-18,21:30:54,-08:00,2025-01-18T21:30:54-08:00,0,3
resume.html,51,html,9095d3f6,t2liang,2025-01-18,21:30:54,-08:00,2025-01-18T21:30:54-08:00,0,79
resume.html,52,html,9095d3f6,t2liang,2025-01-18,21:30:54,-08:00,2025-01-18T21:30:54-08:00,0,71
resume.html,53,html,9095d3f6,t2liang,2025-01-18,21:30:54,-08:00,2025-01-18T21:30:54-08:00,0,4
resume.html,54,html,9095d3f6,t2liang,2025-01-18,21:30:54,-08:00,2025-01-18T21:30:54-08:00,0,9
resume.html,55,html,dc82a921,t2liang,2025-01-10,18:58:44,-08:00,2025-01-10T18:58:44-08:00,0,9
resume.html,56,html,dc82a921,t2liang,2025-01-10,18:58:44,-08:00,2025-01-10T18:58:44-08:00,0,0
resume.html,57,html,dc82a921,t2liang,2025-01-10,18:58:44,-08:00,2025-01-10T18:58:44-08:00,0,8
resume.html,58,html,dc82a921,t2liang,2025-01-10,18:58:44,-08:00,2025-01-10T18:58:44-08:00,0,30
resume.html,59,html,dc82a921,t2liang,2025-01-10,18:58:44,-08:00,2025-01-10T18:58:44-08:00,0,17
resume.html,60,html,dc82a921,t2liang,2025-01-10,18:58:44,-08:00,2025-01-10T18:58:44-08:00,0,8
resume.html,61,html,dc82a921,t2liang,2025-01-10,18:58:44,-08:00,2025-01-10T18:58:44-08:00,0,8
resume.html,62,html,dc82a921,t2liang,2025-01-10,18:58:44,-08:00,2025-01-10T18:58:44-08:00,0,7
resume.html,63,html,dc82a921,t2liang,2025-01-10,18:58:44,-08:00,2025-01-10T18:58:44-08:00,0,43
resume.html,64,html,9095d3f6,t2liang,2025-01-18,21:30:54,-08:00,2025-01-18T21:30:54-08:00,0,43
resume.html,65,html,9095d3f6,t2liang,2025-01-18,21:30:54,-08:00,2025-01-18T21:30:54-08:00,0,32
resume.html,66,html,dc82a921,t2liang,2025-01-10,18:58:44,-08:00,2025-01-10T18:58:44-08:00,0,8
resume.html,67,html,dc82a921,t2liang,2025-01-10,18:58:44,-08:00,2025-01-10T18:58:44-08:00,0,9
resume.html,68,html,dc82a921,t2liang,2025-01-10,18:58:44,-08:00,2025-01-10T18:58:44-08:00,0,9
resume.html,69,html,dc82a921,t2liang,2025-01-10,18:58:44,-08:00,2025-01-10T18:58:44-08:00,0,0
resume.html,70,html,dc82a921,t2liang,2025-01-10,18:58:44,-08:00,2025-01-10T18:58:44-08:00,0,8
resume.html,71,html,dc82a921,t2liang,2025-01-10,18:58:44,-08:00,2025-01-10T18:58:44-08:00,0,30
resume.html,72,html,dc82a921,t2liang,2025-01-10,18:58:44,-08:00,2025-01-10T18:58:44-08:00,0,14
resume.html,73,html,dc82a921,t2liang,2025-01-10,18:58:44,-08:00,2025-01-10T18:58:44-08:00,0,8
resume.html,74,html,dc82a921,t2liang,2025-01-10,18:58:44,-08:00,2025-01-10T18:58:44-08:00,0,3
resume.html,75,html,dc82a921,t2liang,2025-01-10,18:58:44,-08:00,2025-01-10T18:58:44-08:00,0,54
resume.html,76,html,dc82a921,t2liang,2025-01-10,18:58:44,-08:00,2025-01-10T18:58:44-08:00,0,41
resume.html,77,html,dc82a921,t2liang,2025-01-10,18:58:44,-08:00,2025-01-10T18:58:44-08:00,0,33
resume.html,78,html,dc82a921,t2liang,2025-01-10,18:58:44,-08:00,2025-01-10T18:58:44-08:00,0,35
resume.html,79,html,dc82a921,t2liang,2025-01-10,18:58:44,-08:00,2025-01-10T18:58:44-08:00,0,4
resume.html,80,html,dc82a921,t2liang,2025-01-10,18:58:44,-08:00,2025-01-10T18:58:44-08:00,0,9
resume.html,81,html,dc82a921,t2liang,2025-01-10,18:58:44,-08:00,2025-01-10T18:58:44-08:00,0,0
resume.html,82,html,dc82a921,t2liang,2025-01-10,18:58:44,-08:00,2025-01-10T18:58:44-08:00,0,8
resume.html,83,html,dc82a921,t2liang,2025-01-10,18:58:44,-08:00,2025-01-10T18:58:44-08:00,0,30
resume.html,84,html,dc82a921,t2liang,2025-01-10,18:58:44,-08:00,2025-01-10T18:58:44-08:00,0,22
resume.html,85,html,dc82a921,t2liang,2025-01-10,18:58:44,-08:00,2025-01-10T18:58:44-08:00,0,8
resume.html,86,html,dc82a921,t2liang,2025-01-10,18:58:44,-08:00,2025-01-10T18:58:44-08:00,0,3
resume.html,87,html,dc82a921,t2liang,2025-01-10,18:58:44,-08:00,2025-01-10T18:58:44-08:00,0,68
resume.html,88,html,dc82a921,t2liang,2025-01-10,18:58:44,-08:00,2025-01-10T18:58:44-08:00,0,74
resume.html,89,html,dc82a921,t2liang,2025-01-10,18:58:44,-08:00,2025-01-10T18:58:44-08:00,0,4
resume.html,90,html,dc82a921,t2liang,2025-01-10,18:58:44,-08:00,2025-01-10T18:58:44-08:00,0,9
resume.html,91,html,ac08f9d8,t2liang,2025-01-31,20:19:00,-08:00,2025-01-31T20:19:00-08:00,0,46
resume.html,92,html,dc82a921,t2liang,2025-01-10,18:58:44,-08:00,2025-01-10T18:58:44-08:00,0,6
resume.html,93,html,dc82a921,t2liang,2025-01-10,18:58:44,-08:00,2025-01-10T18:58:44-08:00,0,6
index.js,1,js,2c03c311,t2liang,2025-02-01,22:48:09,-08:00,2025-02-01T22:48:09-08:00,0,23
index.js,2,js,2c03c311,t2liang,2025-02-01,22:48:09,-08:00,2025-02-01T22:48:09-08:00,0,0
index.js,3,js,62738532,t2liang,2025-02-01,23:08:20,-08:00,2025-02-01T23:08:20-08:00,0,71
index.js,4,js,7e935fb6,t2liang,2025-02-01,22:35:39,-08:00,2025-02-01T22:35:39-08:00,0,55
index.js,5,js,7e935fb6,t2liang,2025-02-01,22:35:39,-08:00,2025-02-01T22:35:39-08:00,0,43
index.js,6,js,7e935fb6,t2liang,2025-02-01,22:35:39,-08:00,2025-02-01T22:35:39-08:00,0,61
index.js,7,js,2c03c311,t2liang,2025-02-01,22:48:09,-08:00,2025-02-01T22:48:09-08:00,0,55
index.js,8,js,2c03c311,t2liang,2025-02-01,22:48:09,-08:00,2025-02-01T22:48:09-08:00,0,0
index.js,9,js,62738532,t2liang,2025-02-01,23:08:20,-08:00,2025-02-01T23:08:20-08:00,0,51
index.js,10,js,2c03c311,t2liang,2025-02-01,22:48:09,-08:00,2025-02-01T22:48:09-08:00,0,61
index.js,11,js,2c03c311,t2liang,2025-02-01,22:48:09,-08:00,2025-02-01T22:48:09-08:00,0,18
index.js,12,js,2c03c311,t2liang,2025-02-01,22:48:09,-08:00,2025-02-01T22:48:09-08:00,0,25
index.js,13,js,1aa64a24,t2liang,2025-02-01,23:26:20,-08:00,2025-02-01T23:26:20-08:00,0,24
index.js,14,js,2c03c311,t2liang,2025-02-01,22:48:09,-08:00,2025-02-01T22:48:09-08:00,0,56
index.js,15,js,2c03c311,t2liang,2025-02-01,22:48:09,-08:00,2025-02-01T22:48:09-08:00,0,56
index.js,16,js,2c03c311,t2liang,2025-02-01,22:48:09,-08:00,2025-02-01T22:48:09-08:00,0,50
index.js,17,js,2c03c311,t2liang,2025-02-01,22:48:09,-08:00,2025-02-01T22:48:09-08:00,0,50
index.js,18,js,2c03c311,t2liang,2025-02-01,22:48:09,-08:00,2025-02-01T22:48:09-08:00,0,4
index.js,19,js,2c03c311,t2liang,2025-02-01,22:48:09,-08:00,2025-02-01T22:48:09-08:00,0,1
index.js,20,js,2c03c311,t2liang,2025-02-01,22:48:09,-08:00,2025-02-01T22:48:09-08:00,0,0
index.html,1,html,06522e1a,t2liang,2025-01-10,15:55:53,-08:00,2025-01-10T15:55:53-08:00,0,14
index.html,2,html,06522e1a,t2liang,2025-01-10,15:55:53,-08:00,2025-01-10T15:55:53-08:00,0,15
index.html,3,html,3050a767,t2liang,2025-01-18,17:25:49,-08:00,2025-01-18T17:25:49-08:00,0,5
index.html,4,html,3050a767,t2liang,2025-01-18,17:25:49,-08:00,2025-01-18T17:25:49-08:00,0,21
index.html,5,html,3050a767,t2liang,2025-01-18,17:25:49,-08:00,2025-01-18T17:25:49-08:00,0,69
index.html,6,html,3050a767,t2liang,2025-01-18,17:25:49,-08:00,2025-01-18T17:25:49-08:00,0,50
index.html,7,html,b4671b42,t2liang,2025-01-18,17:46:49,-08:00,2025-01-18T17:46:49-08:00,0,39
index.html,8,html,3050a767,t2liang,2025-01-18,17:25:49,-08:00,2025-01-18T17:25:49-08:00,0,21
index.html,9,html,06522e1a,t2liang,2025-01-10,15:55:53,-08:00,2025-01-10T15:55:53-08:00,0,6
index.html,10,html,06522e1a,t2liang,2025-01-10,15:55:53,-08:00,2025-01-10T15:55:53-08:00,0,5
index.html,11,html,1dfcfd56,t2liang,2025-01-31,20:12:45,-08:00,2025-01-31T20:12:45-08:00,0,0
index.html,12,html,01edd9ec,t2liang,2025-01-18,19:29:42,-08:00,2025-01-18T19:29:42-08:00,0,21
index.html,13,html,01edd9ec,t2liang,2025-01-18,19:29:42,-08:00,2025-01-18T19:29:42-08:00,0,66
index.html,14,html,01edd9ec,t2liang,2025-01-18,19:29:42,-08:00,2025-01-18T19:29:42-08:00,0,69
index.html,15,html,01edd9ec,t2liang,2025-01-18,19:29:42,-08:00,2025-01-18T19:29:42-08:00,0,33
index.html,16,html,01edd9ec,t2liang,2025-01-18,19:29:42,-08:00,2025-01-18T19:29:42-08:00,0,3
index.html,17,html,01edd9ec,t2liang,2025-01-18,19:29:42,-08:00,2025-01-18T19:29:42-08:00,0,0
index.html,18,html,01edd9ec,t2liang,2025-01-18,19:29:42,-08:00,2025-01-18T19:29:42-08:00,0,55
index.html,19,html,09118cfe,t2liang,2025-02-01,22:59:10,-08:00,2025-02-01T22:59:10-08:00,0,0
index.html,20,html,2c03c311,t2liang,2025-02-01,22:48:09,-08:00,2025-02-01T22:48:09-08:00,0,23
index.html,21,html,2c03c311,t2liang,2025-02-01,22:48:09,-08:00,2025-02-01T22:48:09-08:00,0,27
index.html,22,html,994c4299,t2liang,2025-02-01,23:32:25,-08:00,2025-02-01T23:32:25-08:00,0,0
index.html,23,html,994c4299,t2liang,2025-02-01,23:32:25,-08:00,2025-02-01T23:32:25-08:00,0,23
index.html,24,html,09118cfe,t2liang,2025-02-01,22:59:10,-08:00,2025-02-01T22:59:10-08:00,0,27
index.html,25,html,994c4299,t2liang,2025-02-01,23:32:25,-08:00,2025-02-01T23:32:25-08:00,0,0
index.html,26,html,09118cfe,t2liang,2025-02-01,22:59:10,-08:00,2025-02-01T22:59:10-08:00,0,9
index.html,27,html,09118cfe,t2liang,2025-02-01,22:59:10,-08:00,2025-02-01T22:59:10-08:00,0,0
index.html,28,html,62738532,t2liang,2025-02-01,23:08:20,-08:00,2025-02-01T23:08:20-08:00,0,48
index.html,29,html,62738532,t2liang,2025-02-01,23:08:20,-08:00,2025-02-01T23:08:20-08:00,0,53
index.html,30,html,06522e1a,t2liang,2025-01-10,15:55:53,-08:00,2025-01-10T15:55:53-08:00,0,6
index.html,31,html,06522e1a,t2liang,2025-01-10,15:55:53,-08:00,2025-01-10T15:55:53-08:00,0,6
global.js,1,js,1dfcfd56,t2liang,2025-01-31,20:12:45,-08:00,2025-01-31T20:12:45-08:00,0,26
global.js,2,js,1dfcfd56,t2liang,2025-01-31,20:12:45,-08:00,2025-01-31T20:12:45-08:00,0,0
global.js,3,js,1dfcfd56,t2liang,2025-01-31,20:12:45,-08:00,2025-01-31T20:12:45-08:00,0,42
global.js,4,js,1dfcfd56,t2liang,2025-01-31,20:12:45,-08:00,2025-01-31T20:12:45-08:00,0,53
global.js,5,js,1dfcfd56,t2liang,2025-01-31,20:12:45,-08:00,2025-01-31T20:12:45-08:00,0,0
global.js,6,js,1dfcfd56,t2liang,2025-01-31,20:12:45,-08:00,2025-01-31T20:12:45-08:00,0,0
global.js,7,js,1dfcfd56,t2liang,2025-01-31,20:12:45,-08:00,2025-01-31T20:12:45-08:00,0,28
global.js,8,js,1dfcfd56,t2liang,2025-01-31,20:12:45,-08:00,2025-01-31T20:12:45-08:00,0,0
global.js,9,js,44ce611b,t2liang,2025-01-31,21:21:11,-08:00,2025-01-31T21:21:11-08:00,0,71
global.js,10,js,1dfcfd56,t2liang,2025-01-31,20:12:45,-08:00,2025-01-31T20:12:45-08:00,0,12
global.js,11,js,87cc1a0e,t2liang,2025-01-31,22:00:29,-08:00,2025-01-31T22:00:29-08:00,0,37
global.js,12,js,10fc0dad,t2liang,2025-02-01,11:43:44,-08:00,2025-02-01T11:43:44-08:00,0,50
global.js,13,js,10fc0dad,t2liang,2025-02-01,11:43:44,-08:00,2025-02-01T11:43:44-08:00,0,47
global.js,14,js,f6d30775,t2liang,2025-02-13,22:03:10,-08:00,2025-02-13T22:03:10-08:00,0,49
global.js,15,js,7fc55887,t2liang,2025-02-13,20:48:58,-08:00,2025-02-13T20:48:58-08:00,0,50
global.js,16,js,1dfcfd56,t2liang,2025-01-31,20:12:45,-08:00,2025-01-31T20:12:45-08:00,0,33
global.js,17,js,1dfcfd56,t2liang,2025-01-31,20:12:45,-08:00,2025-01-31T20:12:45-08:00,0,1
global.js,18,js,1dfcfd56,t2liang,2025-01-31,20:12:45,-08:00,2025-01-31T20:12:45-08:00,0,0
global.js,19,js,1dfcfd56,t2liang,2025-01-31,20:12:45,-08:00,2025-01-31T20:12:45-08:00,0,39
global.js,20,js,1dfcfd56,t2liang,2025-01-31,20:12:45,-08:00,2025-01-31T20:12:45-08:00,0,26
global.js,21,js,1dfcfd56,t2liang,2025-01-31,20:12:45,-08:00,2025-01-31T20:12:45-08:00,0,0
global.js,22,js,1dfcfd56,t2liang,2025-01-31,20:12:45,-08:00,2025-01-31T20:12:45-08:00,0,21
global.js,23,js,1dfcfd56,t2liang,2025-01-31,20:12:45,-08:00,2025-01-31T20:12:45-08:00,0,15
global.js,24,js,1dfcfd56,t2liang,2025-01-31,20:12:45,-08:00,2025-01-31T20:12:45-08:00,0,19
global.js,25,js,44ce611b,t2liang,2025-01-31,21:21:11,-08:00,2025-01-31T21:21:11-08:00,0,69
global.js,26,js,44ce611b,t2liang,2025-01-31,21:21:11,-08:00,2025-01-31T21:21:11-08:00,0,17
global.js,27,js,44ce611b,t2liang,2025-01-31,21:21:11,-08:00,2025-01-31T21:21:11-08:00,0,0
global.js,28,js,44ce611b,t2liang,2025-01-31,21:21:11,-08:00,2025-01-31T21:21:11-08:00,0,35
global.js,29,js,44ce611b,t2liang,2025-01-31,21:21:11,-08:00,2025-01-31T21:21:11-08:00,0,12
global.js,30,js,44ce611b,t2liang,2025-01-31,21:21:11,-08:00,2025-01-31T21:21:11-08:00,0,21
global.js,31,js,44ce611b,t2liang,2025-01-31,21:21:11,-08:00,2025-01-31T21:21:11-08:00,0,33
global.js,32,js,44ce611b,t2liang,2025-01-31,21:21:11,-08:00,2025-01-31T21:21:11-08:00,0,91
global.js,33,js,44ce611b,t2liang,2025-01-31,21:21:11,-08:00,2025-01-31T21:21:11-08:00,0,0
global.js,34,js,44ce611b,t2liang,2025-01-31,21:21:11,-08:00,2025-01-31T21:21:11-08:00,0,34
global.js,35,js,44ce611b,t2liang,2025-01-31,21:21:11,-08:00,2025-01-31T21:21:11-08:00,0,53
global.js,36,js,44ce611b,t2liang,2025-01-31,21:21:11,-08:00,2025-01-31T21:21:11-08:00,0,13
global.js,37,js,1dfcfd56,t2liang,2025-01-31,20:12:45,-08:00,2025-01-31T20:12:45-08:00,0,0
global.js,38,js,44ce611b,t2liang,2025-01-31,21:21:11,-08:00,2025-01-31T21:21:11-08:00,0,0
global.js,39,js,44ce611b,t2liang,2025-01-31,21:21:11,-08:00,2025-01-31T21:21:11-08:00,0,32
global.js,40,js,44ce611b,t2liang,2025-01-31,21:21:11,-08:00,2025-01-31T21:21:11-08:00,0,12
global.js,41,js,44ce611b,t2liang,2025-01-31,21:21:11,-08:00,2025-01-31T21:21:11-08:00,0,0
global.js,42,js,44ce611b,t2liang,2025-01-31,21:21:11,-08:00,2025-01-31T21:21:11-08:00,0,27
global.js,43,js,44ce611b,t2liang,2025-01-31,21:21:11,-08:00,2025-01-31T21:21:11-08:00,0,5
global.js,44,js,44ce611b,t2liang,2025-01-31,21:21:11,-08:00,2025-01-31T21:21:11-08:00,0,7
global.js,45,js,44ce611b,t2liang,2025-01-31,21:21:11,-08:00,2025-01-31T21:21:11-08:00,0,39
global.js,46,js,44ce611b,t2liang,2025-01-31,21:21:11,-08:00,2025-01-31T21:21:11-08:00,0,35
global.js,47,js,44ce611b,t2liang,2025-01-31,21:21:11,-08:00,2025-01-31T21:21:11-08:00,0,33
global.js,48,js,44ce611b,t2liang,2025-01-31,21:21:11,-08:00,2025-01-31T21:21:11-08:00,0,8
global.js,49,js,44ce611b,t2liang,2025-01-31,21:21:11,-08:00,2025-01-31T21:21:11-08:00,0,8
global.js,50,js,44ce611b,t2liang,2025-01-31,21:21:11,-08:00,2025-01-31T21:21:11-08:00,0,1
global.js,51,js,44ce611b,t2liang,2025-01-31,21:21:11,-08:00,2025-01-31T21:21:11-08:00,0,0
global.js,52,js,44ce611b,t2liang,2025-01-31,21:21:11,-08:00,2025-01-31T21:21:11-08:00,0,36
global.js,53,js,44ce611b,t2liang,2025-01-31,21:21:11,-08:00,2025-01-31T21:21:11-08:00,0,61
global.js,54,js,44ce611b,t2liang,2025-01-31,21:21:11,-08:00,2025-01-31T21:21:11-08:00,0,0
global.js,55,js,760c923c,t2liang,2025-02-01,22:18:43,-08:00,2025-02-01T22:18:43-08:00,0,30
global.js,56,js,760c923c,t2liang,2025-02-01,22:18:43,-08:00,2025-02-01T22:18:43-08:00,0,56
global.js,57,js,760c923c,t2liang,2025-02-01,22:18:43,-08:00,2025-02-01T22:18:43-08:00,0,0
global.js,58,js,44ce611b,t2liang,2025-01-31,21:21:11,-08:00,2025-01-31T21:21:11-08:00,0,30
global.js,59,js,760c923c,t2liang,2025-02-01,22:18:43,-08:00,2025-02-01T22:18:43-08:00,0,66
global.js,60,js,b66dc4b0,t2liang,2025-02-01,14:59:45,-08:00,2025-02-01T14:59:45-08:00,0,68
global.js,61,js,760c923c,t2liang,2025-02-01,22:18:43,-08:00,2025-02-01T22:18:43-08:00,0,0
global.js,62,js,760c923c,t2liang,2025-02-01,22:18:43,-08:00,2025-02-01T22:18:43-08:00,0,24
global.js,63,js,760c923c,t2liang,2025-02-01,22:18:43,-08:00,2025-02-01T22:18:43-08:00,0,52
global.js,64,js,760c923c,t2liang,2025-02-01,22:18:43,-08:00,2025-02-01T22:18:43-08:00,0,30
global.js,65,js,760c923c,t2liang,2025-02-01,22:18:43,-08:00,2025-02-01T22:18:43-08:00,0,51
global.js,66,js,760c923c,t2liang,2025-02-01,22:18:43,-08:00,2025-02-01T22:18:43-08:00,0,0
global.js,67,js,b66dc4b0,t2liang,2025-02-01,14:59:45,-08:00,2025-02-01T14:59:45-08:00,0,0
global.js,68,js,44ce611b,t2liang,2025-01-31,21:21:11,-08:00,2025-01-31T21:21:11-08:00,0,38
global.js,69,js,760c923c,t2liang,2025-02-01,22:18:43,-08:00,2025-02-01T22:18:43-08:00,0,21
global.js,70,js,760c923c,t2liang,2025-02-01,22:18:43,-08:00,2025-02-01T22:18:43-08:00,0,0
global.js,71,js,44ce611b,t2liang,2025-01-31,21:21:11,-08:00,2025-01-31T21:21:11-08:00,0,0
global.js,72,js,44ce611b,t2liang,2025-01-31,21:21:11,-08:00,2025-01-31T21:21:11-08:00,0,29
global.js,73,js,44ce611b,t2liang,2025-01-31,21:21:11,-08:00,2025-01-31T21:21:11-08:00,0,50
global.js,74,js,44ce611b,t2liang,2025-01-31,21:21:11,-08:00,2025-01-31T21:21:11-08:00,0,40
global.js,75,js,44ce611b,t2liang,2025-01-31,21:21:11,-08:00,2025-01-31T21:21:11-08:00,0,58
global.js,76,js,44ce611b,t2liang,2025-01-31,21:21:11,-08:00,2025-01-31T21:21:11-08:00,0,0
global.js,77,js,44ce611b,t2liang,2025-01-31,21:21:11,-08:00,2025-01-31T21:21:11-08:00,0,51
global.js,78,js,44ce611b,t2liang,2025-01-31,21:21:11,-08:00,2025-01-31T21:21:11-08:00,0,78
global.js,79,js,44ce611b,t2liang,2025-01-31,21:21:11,-08:00,2025-01-31T21:21:11-08:00,0,0
global.js,80,js,44ce611b,t2liang,2025-01-31,21:21:11,-08:00,2025-01-31T21:21:11-08:00,0,44
global.js,81,js,44ce611b,t2liang,2025-01-31,21:21:11,-08:00,2025-01-31T21:21:11-08:00,0,45
global.js,82,js,44ce611b,t2liang,2025-01-31,21:21:11,-08:00,2025-01-31T21:21:11-08:00,0,2
global.js,83,js,f87a4d9e,t2liang,2025-02-01,15:28:22,-08:00,2025-02-01T15:28:22-08:00,0,0
global.js,84,js,f87a4d9e,t2liang,2025-02-01,15:28:22,-08:00,2025-02-01T15:28:22-08:00,0,37
global.js,85,js,f87a4d9e,t2liang,2025-02-01,15:28:22,-08:00,2025-02-01T15:28:22-08:00,0,4
global.js,86,js,f87a4d9e,t2liang,2025-02-01,15:28:22,-08:00,2025-02-01T15:28:22-08:00,0,40
global.js,87,js,f87a4d9e,t2liang,2025-02-01,15:28:22,-08:00,2025-02-01T15:28:22-08:00,0,33
global.js,88,js,f87a4d9e,t2liang,2025-02-01,15:28:22,-08:00,2025-02-01T15:28:22-08:00,0,18
global.js,89,js,f87a4d9e,t2liang,2025-02-01,15:28:22,-08:00,2025-02-01T15:28:22-08:00,0,67
global.js,90,js,f87a4d9e,t2liang,2025-02-01,15:28:22,-08:00,2025-02-01T15:28:22-08:00,0,0
global.js,91,js,f87a4d9e,t2liang,2025-02-01,15:28:22,-08:00,2025-02-01T15:28:22-08:00,0,34
global.js,92,js,f87a4d9e,t2liang,2025-02-01,15:28:22,-08:00,2025-02-01T15:28:22-08:00,0,11
global.js,93,js,f87a4d9e,t2liang,2025-02-01,15:28:22,-08:00,2025-02-01T15:28:22-08:00,0,0
global.js,94,js,f87a4d9e,t2liang,2025-02-01,15:28:22,-08:00,2025-02-01T15:28:22-08:00,0,16
global.js,95,js,f87a4d9e,t2liang,2025-02-01,15:28:22,-08:00,2025-02-01T15:28:22-08:00,0,60
global.js,96,js,f87a4d9e,t2liang,2025-02-01,15:28:22,-08:00,2025-02-01T15:28:22-08:00,0,0
global.js,97,js,f87a4d9e,t2liang,2025-02-01,15:28:22,-08:00,2025-02-01T15:28:22-08:00,0,0
global.js,98,js,f87a4d9e,t2liang,2025-02-01,15:28:22,-08:00,2025-02-01T15:28:22-08:00,0,0
global.js,99,js,215d0b9a,t2liang,2025-02-01,22:23:50,-08:00,2025-02-01T22:23:50-08:00,0,80
global.js,100,js,f87a4d9e,t2liang,2025-02-01,15:28:22,-08:00,2025-02-01T15:28:22-08:00,0,24
global.js,101,js,f87a4d9e,t2liang,2025-02-01,15:28:22,-08:00,2025-02-01T15:28:22-08:00,0,31
global.js,102,js,dd4425c1,t2liang,2025-02-01,16:35:18,-08:00,2025-02-01T16:35:18-08:00,0,63
global.js,103,js,dd4425c1,t2liang,2025-02-01,16:35:18,-08:00,2025-02-01T16:35:18-08:00,0,0
global.js,104,js,215d0b9a,t2liang,2025-02-01,22:23:50,-08:00,2025-02-01T22:23:50-08:00,0,50
global.js,105,js,215d0b9a,t2liang,2025-02-01,22:23:50,-08:00,2025-02-01T22:23:50-08:00,0,19
global.js,106,js,215d0b9a,t2liang,2025-02-01,22:23:50,-08:00,2025-02-01T22:23:50-08:00,0,59
global.js,107,js,215d0b9a,t2liang,2025-02-01,22:23:50,-08:00,2025-02-01T22:23:50-08:00,0,0
global.js,108,js,dd4425c1,t2liang,2025-02-01,16:35:18,-08:00,2025-02-01T16:35:18-08:00,0,0
global.js,109,js,f87a4d9e,t2liang,2025-02-01,15:28:22,-08:00,2025-02-01T15:28:22-08:00,0,40
global.js,110,js,215d0b9a,t2liang,2025-02-01,22:23:50,-08:00,2025-02-01T22:23:50-08:00,0,25
global.js,111,js,f87a4d9e,t2liang,2025-02-01,15:28:22,-08:00,2025-02-01T15:28:22-08:00,0,49
global.js,112,js,c16d78ee,t2liang,2025-02-01,17:10:13,-08:00,2025-02-01T17:10:13-08:00,0,49
global.js,113,js,f87a4d9e,t2liang,2025-02-01,15:28:22,-08:00,2025-02-01T15:28:22-08:00,0,0
global.js,114,js,f87a4d9e,t2liang,2025-02-01,15:28:22,-08:00,2025-02-01T15:28:22-08:00,0,45
global.js,115,js,c16d78ee,t2liang,2025-02-01,17:10:13,-08:00,2025-02-01T17:10:13-08:00,0,20
global.js,116,js,3bc712e4,t2liang,2025-02-01,22:32:08,-08:00,2025-02-01T22:32:08-08:00,0,21
global.js,117,js,3bc712e4,t2liang,2025-02-01,22:32:08,-08:00,2025-02-01T22:32:08-08:00,0,44
global.js,118,js,3bc712e4,t2liang,2025-02-01,22:32:08,-08:00,2025-02-01T22:32:08-08:00,0,25
global.js,119,js,3bc712e4,t2liang,2025-02-01,22:32:08,-08:00,2025-02-01T22:32:08-08:00,0,1
global.js,120,js,3bc712e4,t2liang,2025-02-01,22:32:08,-08:00,2025-02-01T22:32:08-08:00,0,0
global.js,121,js,f87a4d9e,t2liang,2025-02-01,15:28:22,-08:00,2025-02-01T15:28:22-08:00,0,0
global.js,122,js,c16d78ee,t2liang,2025-02-01,17:10:13,-08:00,2025-02-01T17:10:13-08:00,0,39
global.js,123,js,c16d78ee,t2liang,2025-02-01,17:10:13,-08:00,2025-02-01T17:10:13-08:00,0,37
global.js,124,js,c16d78ee,t2liang,2025-02-01,17:10:13,-08:00,2025-02-01T17:10:13-08:00,0,2
global.js,125,js,2c03c311,t2liang,2025-02-01,22:48:09,-08:00,2025-02-01T22:48:09-08:00,0,0
global.js,126,js,2c03c311,t2liang,2025-02-01,22:48:09,-08:00,2025-02-01T22:48:09-08:00,0,0
global.js,127,js,62738532,t2liang,2025-02-01,23:08:20,-08:00,2025-02-01T23:08:20-08:00,0,48
global.js,128,js,2c03c311,t2liang,2025-02-01,22:48:09,-08:00,2025-02-01T22:48:09-08:00,0,60
global.js,129,js,62738532,t2liang,2025-02-01,23:08:20,-08:00,2025-02-01T23:08:20-08:00,0,0
global.js,130,js,2c03c311,t2liang,2025-02-01,22:48:09,-08:00,2025-02-01T22:48:09-08:00,0,0
projects/projects.js,1,js,bd719e70,t2liang,2025-02-01,16:50:25,-08:00,2025-02-01T16:50:25-08:00,0,0
projects/projects.js,2,js,bd719e70,t2liang,2025-02-01,16:50:25,-08:00,2025-02-01T16:50:25-08:00,0,33
projects/projects.js,3,js,760c923c,t2liang,2025-02-01,22:18:43,-08:00,2025-02-01T22:18:43-08:00,0,56
projects/projects.js,4,js,760c923c,t2liang,2025-02-01,22:18:43,-08:00,2025-02-01T22:18:43-08:00,0,56
projects/projects.js,5,js,760c923c,t2liang,2025-02-01,22:18:43,-08:00,2025-02-01T22:18:43-08:00,0,61
projects/projects.js,6,js,6bf6b375,t2liang,2025-02-07,18:30:09,-08:00,2025-02-07T18:30:09-08:00,0,49
projects/projects.js,7,js,6bf6b375,t2liang,2025-02-07,18:30:09,-08:00,2025-02-07T18:30:09-08:00,0,64
projects/projects.js,8,js,ddb654b7,t2liang,2025-02-07,19:55:08,-08:00,2025-02-07T19:55:08-08:00,0,0
projects/projects.js,9,js,8e61cc5e,t2liang,2025-02-07,20:43:17,-08:00,2025-02-07T20:43:17-08:00,0,58
projects/projects.js,10,js,8e61cc5e,t2liang,2025-02-07,20:43:17,-08:00,2025-02-07T20:43:17-08:00,0,0
projects/projects.js,11,js,d3146954,t2liang,2025-02-08,18:54:25,-08:00,2025-02-08T18:54:25-08:00,0,27
projects/projects.js,12,js,d3146954,t2liang,2025-02-08,18:54:25,-08:00,2025-02-08T18:54:25-08:00,0,8
projects/projects.js,13,js,d3146954,t2liang,2025-02-08,18:54:25,-08:00,2025-02-08T18:54:25-08:00,0,15
projects/projects.js,14,js,d3146954,t2liang,2025-02-08,18:54:25,-08:00,2025-02-08T18:54:25-08:00,0,13
projects/projects.js,15,js,d3146954,t2liang,2025-02-08,18:54:25,-08:00,2025-02-08T18:54:25-08:00,0,1
projects/projects.js,16,js,d3146954,t2liang,2025-02-08,18:54:25,-08:00,2025-02-08T18:54:25-08:00,0,0
projects/projects.js,17,js,d3146954,t2liang,2025-02-08,18:54:25,-08:00,2025-02-08T18:54:25-08:00,0,45
projects/projects.js,18,js,d3146954,t2liang,2025-02-08,18:54:25,-08:00,2025-02-08T18:54:25-08:00,0,36
projects/projects.js,19,js,d3146954,t2liang,2025-02-08,18:54:25,-08:00,2025-02-08T18:54:25-08:00,0,2
projects/projects.js,20,js,ddb654b7,t2liang,2025-02-07,19:55:08,-08:00,2025-02-07T19:55:08-08:00,0,0
projects/projects.js,21,js,bd1c2bd3,t2liang,2025-02-07,20:34:24,-08:00,2025-02-07T20:34:24-08:00,0,51
projects/projects.js,22,js,bd1c2bd3,t2liang,2025-02-07,20:34:24,-08:00,2025-02-07T20:34:24-08:00,0,34
projects/projects.js,23,js,44cd1588,t2liang,2025-02-07,20:26:05,-08:00,2025-02-07T20:26:05-08:00,0,46
projects/projects.js,24,js,bd1c2bd3,t2liang,2025-02-07,20:34:24,-08:00,2025-02-07T20:34:24-08:00,0,0
projects/projects.js,25,js,44cd1588,t2liang,2025-02-07,20:26:05,-08:00,2025-02-07T20:26:05-08:00,0,49
projects/projects.js,26,js,6bf6b375,t2liang,2025-02-07,18:30:09,-08:00,2025-02-07T18:30:09-08:00,0,27
projects/projects.js,27,js,6bf6b375,t2liang,2025-02-07,18:30:09,-08:00,2025-02-07T18:30:09-08:00,0,15
projects/projects.js,28,js,6bf6b375,t2liang,2025-02-07,18:30:09,-08:00,2025-02-07T18:30:09-08:00,0,14
projects/projects.js,29,js,6bf6b375,t2liang,2025-02-07,18:30:09,-08:00,2025-02-07T18:30:09-08:00,0,14
projects/projects.js,30,js,bd1c2bd3,t2liang,2025-02-07,20:34:24,-08:00,2025-02-07T20:34:24-08:00,0,98
projects/projects.js,31,js,b4d90f87,t2liang,2025-02-07,21:28:54,-08:00,2025-02-07T21:28:54-08:00,0,1
projects/projects.js,32,js,b4d90f87,t2liang,2025-02-07,21:28:54,-08:00,2025-02-07T21:28:54-08:00,0,0
projects/projects.js,33,js,b4d90f87,t2liang,2025-02-07,21:28:54,-08:00,2025-02-07T21:28:54-08:00,0,33
projects/projects.js,34,js,b4d90f87,t2liang,2025-02-07,21:28:54,-08:00,2025-02-07T21:28:54-08:00,0,25
projects/projects.js,35,js,d3146954,t2liang,2025-02-08,18:54:25,-08:00,2025-02-08T18:54:25-08:00,0,29
projects/projects.js,36,js,d3146954,t2liang,2025-02-08,18:54:25,-08:00,2025-02-08T18:54:25-08:00,0,29
projects/projects.js,37,js,d3146954,t2liang,2025-02-08,18:54:25,-08:00,2025-02-08T18:54:25-08:00,0,0
projects/projects.js,38,js,d3146954,t2liang,2025-02-08,18:54:25,-08:00,2025-02-08T18:54:25-08:00,0,35
projects/projects.js,39,js,d3146954,t2liang,2025-02-08,18:54:25,-08:00,2025-02-08T18:54:25-08:00,0,23
projects/projects.js,40,js,d3146954,t2liang,2025-02-08,18:54:25,-08:00,2025-02-08T18:54:25-08:00,0,62
projects/projects.js,41,js,d3146954,t2liang,2025-02-08,18:54:25,-08:00,2025-02-08T18:54:25-08:00,0,63
projects/projects.js,42,js,d3146954,t2liang,2025-02-08,18:54:25,-08:00,2025-02-08T18:54:25-08:00,0,0
projects/projects.js,43,js,d3146954,t2liang,2025-02-08,18:54:25,-08:00,2025-02-08T18:54:25-08:00,0,51
projects/projects.js,44,js,d3146954,t2liang,2025-02-08,18:54:25,-08:00,2025-02-08T18:54:25-08:00,0,41
projects/projects.js,45,js,d3146954,t2liang,2025-02-08,18:54:25,-08:00,2025-02-08T18:54:25-08:00,0,2
projects/projects.js,46,js,d3146954,t2liang,2025-02-08,18:54:25,-08:00,2025-02-08T18:54:25-08:00,0,0
projects/projects.js,47,js,b30abff9,t2liang,2025-02-08,20:09:35,-08:00,2025-02-08T20:09:35-08:00,0,39
projects/projects.js,48,js,b30abff9,t2liang,2025-02-08,20:09:35,-08:00,2025-02-08T20:09:35-08:00,0,45
projects/projects.js,49,js,b30abff9,t2liang,2025-02-08,20:09:35,-08:00,2025-02-08T20:09:35-08:00,0,77
projects/projects.js,50,js,44b2ee7c,t2liang,2025-02-08,22:29:12,-08:00,2025-02-08T22:29:12-08:00,0,48
projects/projects.js,51,js,44b2ee7c,t2liang,2025-02-08,22:29:12,-08:00,2025-02-08T22:29:12-08:00,0,36
projects/projects.js,52,js,44b2ee7c,t2liang,2025-02-08,22:29:12,-08:00,2025-02-08T22:29:12-08:00,0,2
projects/projects.js,53,js,b30abff9,t2liang,2025-02-08,20:09:35,-08:00,2025-02-08T20:09:35-08:00,0,84
projects/projects.js,54,js,b30abff9,t2liang,2025-02-08,20:09:35,-08:00,2025-02-08T20:09:35-08:00,0,52
projects/projects.js,55,js,b30abff9,t2liang,2025-02-08,20:09:35,-08:00,2025-02-08T20:09:35-08:00,0,43
projects/projects.js,56,js,b30abff9,t2liang,2025-02-08,20:09:35,-08:00,2025-02-08T20:09:35-08:00,0,0
projects/projects.js,57,js,dee60ca6,t2liang,2025-02-08,23:02:14,-08:00,2025-02-08T23:02:14-08:00,0,29
projects/projects.js,58,js,dee60ca6,t2liang,2025-02-08,23:02:14,-08:00,2025-02-08T23:02:14-08:00,0,68
projects/projects.js,59,js,d2d1c824,t2liang,2025-02-08,19:18:41,-08:00,2025-02-08T19:18:41-08:00,0,0
projects/projects.js,60,js,dee60ca6,t2liang,2025-02-08,23:02:14,-08:00,2025-02-08T23:02:14-08:00,0,36
projects/projects.js,61,js,dee60ca6,t2liang,2025-02-08,23:02:14,-08:00,2025-02-08T23:02:14-08:00,0,17
projects/projects.js,62,js,dee60ca6,t2liang,2025-02-08,23:02:14,-08:00,2025-02-08T23:02:14-08:00,0,36
projects/projects.js,63,js,dee60ca6,t2liang,2025-02-08,23:02:14,-08:00,2025-02-08T23:02:14-08:00,0,15
projects/projects.js,64,js,dee60ca6,t2liang,2025-02-08,23:02:14,-08:00,2025-02-08T23:02:14-08:00,0,23
projects/projects.js,65,js,dee60ca6,t2liang,2025-02-08,23:02:14,-08:00,2025-02-08T23:02:14-08:00,0,16
projects/projects.js,66,js,dee60ca6,t2liang,2025-02-08,23:02:14,-08:00,2025-02-08T23:02:14-08:00,0,7
projects/projects.js,67,js,dee60ca6,t2liang,2025-02-08,23:02:14,-08:00,2025-02-08T23:02:14-08:00,0,14
projects/projects.js,68,js,dee60ca6,t2liang,2025-02-08,23:02:14,-08:00,2025-02-08T23:02:14-08:00,0,14
projects/projects.js,69,js,dee60ca6,t2liang,2025-02-08,23:02:14,-08:00,2025-02-08T23:02:14-08:00,0,82
projects/projects.js,70,js,dee60ca6,t2liang,2025-02-08,23:02:14,-08:00,2025-02-08T23:02:14-08:00,0,41
projects/projects.js,71,js,dee60ca6,t2liang,2025-02-08,23:02:14,-08:00,2025-02-08T23:02:14-08:00,0,33
projects/projects.js,72,js,dee60ca6,t2liang,2025-02-08,23:02:14,-08:00,2025-02-08T23:02:14-08:00,0,59
projects/projects.js,73,js,dee60ca6,t2liang,2025-02-08,23:02:14,-08:00,2025-02-08T23:02:14-08:00,0,0
projects/projects.js,74,js,dee60ca6,t2liang,2025-02-08,23:02:14,-08:00,2025-02-08T23:02:14-08:00,0,28
projects/projects.js,75,js,dee60ca6,t2liang,2025-02-08,23:02:14,-08:00,2025-02-08T23:02:14-08:00,0,65
projects/projects.js,76,js,dee60ca6,t2liang,2025-02-08,23:02:14,-08:00,2025-02-08T23:02:14-08:00,0,0
projects/projects.js,77,js,dee60ca6,t2liang,2025-02-08,23:02:14,-08:00,2025-02-08T23:02:14-08:00,0,24
projects/projects.js,78,js,dee60ca6,t2liang,2025-02-08,23:02:14,-08:00,2025-02-08T23:02:14-08:00,0,23
projects/projects.js,79,js,dee60ca6,t2liang,2025-02-08,23:02:14,-08:00,2025-02-08T23:02:14-08:00,0,57
projects/projects.js,80,js,dee60ca6,t2liang,2025-02-08,23:02:14,-08:00,2025-02-08T23:02:14-08:00,0,0
projects/projects.js,81,js,dee60ca6,t2liang,2025-02-08,23:02:14,-08:00,2025-02-08T23:02:14-08:00,0,24
projects/projects.js,82,js,dee60ca6,t2liang,2025-02-08,23:02:14,-08:00,2025-02-08T23:02:14-08:00,0,30
projects/projects.js,83,js,dee60ca6,t2liang,2025-02-08,23:02:14,-08:00,2025-02-08T23:02:14-08:00,0,2
projects/projects.js,84,js,dee60ca6,t2liang,2025-02-08,23:02:14,-08:00,2025-02-08T23:02:14-08:00,0,0
projects/projects.js,85,js,b30abff9,t2liang,2025-02-08,20:09:35,-08:00,2025-02-08T20:09:35-08:00,0,0
projects/projects.js,86,js,d2d1c824,t2liang,2025-02-08,19:18:41,-08:00,2025-02-08T19:18:41-08:00,0,14
projects/projects.js,87,js,b30abff9,t2liang,2025-02-08,20:09:35,-08:00,2025-02-08T20:09:35-08:00,0,54
projects/projects.js,88,js,dee60ca6,t2liang,2025-02-08,23:02:14,-08:00,2025-02-08T23:02:14-08:00,0,24
projects/projects.js,89,js,dee60ca6,t2liang,2025-02-08,23:02:14,-08:00,2025-02-08T23:02:14-08:00,0,0
projects/projects.js,90,js,b30abff9,t2liang,2025-02-08,20:09:35,-08:00,2025-02-08T20:09:35-08:00,0,50
projects/projects.js,91,js,dee60ca6,t2liang,2025-02-08,23:02:14,-08:00,2025-02-08T23:02:14-08:00,0,51
projects/projects.js,92,js,dee60ca6,t2liang,2025-02-08,23:02:14,-08:00,2025-02-08T23:02:14-08:00,0,53
projects/projects.js,93,js,b30abff9,t2liang,2025-02-08,20:09:35,-08:00,2025-02-08T20:09:35-08:00,0,57
projects/projects.js,94,js,dee60ca6,t2liang,2025-02-08,23:02:14,-08:00,2025-02-08T23:02:14-08:00,0,32
projects/projects.js,95,js,b30abff9,t2liang,2025-02-08,20:09:35,-08:00,2025-02-08T20:09:35-08:00,0,2
projects/index.html,1,html,212a18ca,t2liang,2025-01-10,17:51:03,-08:00,2025-01-10T17:51:03-08:00,0,14
projects/index.html,2,html,212a18ca,t2liang,2025-01-10,17:51:03,-08:00,2025-01-10T17:51:03-08:00,0,15
projects/index.html,3,html,212a18ca,t2liang,2025-01-10,17:51:03,-08:00,2025-01-10T17:51:03-08:00,0,5
projects/index.html,4,html,01edd9ec,t2liang,2025-01-18,19:29:42,-08:00,2025-01-18T19:29:42-08:00,0,42
projects/index.html,5,html,62a2ff38,t2liang,2025-01-10,19:36:17,-08:00,2025-01-10T19:36:17-08:00,0,21
projects/index.html,6,html,62a2ff38,t2liang,2025-01-10,19:36:17,-08:00,2025-01-10T19:36:17-08:00,0,69
projects/index.html,7,html,62a2ff38,t2liang,2025-01-10,19:36:17,-08:00,2025-01-10T19:36:17-08:00,0,28
projects/index.html,8,html,212a18ca,t2liang,2025-01-10,17:51:03,-08:00,2025-01-10T17:51:03-08:00,0,6
projects/index.html,9,html,ed767054,t2liang,2025-01-18,21:21:06,-08:00,2025-01-18T21:21:06-08:00,0,5
projects/index.html,10,html,9fd73370,t2liang,2025-02-01,18:48:52,-08:00,2025-02-01T18:48:52-08:00,0,39
projects/index.html,11,html,b4d90f87,t2liang,2025-02-07,21:28:54,-08:00,2025-02-07T21:28:54-08:00,0,22
projects/index.html,12,html,b4d90f87,t2liang,2025-02-07,21:28:54,-08:00,2025-02-07T21:28:54-08:00,0,53
projects/index.html,13,html,b4d90f87,t2liang,2025-02-07,21:28:54,-08:00,2025-02-07T21:28:54-08:00,0,69
projects/index.html,14,html,b4d90f87,t2liang,2025-02-07,21:28:54,-08:00,2025-02-07T21:28:54-08:00,0,5
projects/index.html,15,html,b4d90f87,t2liang,2025-02-07,21:28:54,-08:00,2025-02-07T21:28:54-08:00,0,36
projects/index.html,16,html,b4d90f87,t2liang,2025-02-07,21:28:54,-08:00,2025-02-07T21:28:54-08:00,0,23
projects/index.html,17,html,b4d90f87,t2liang,2025-02-07,21:28:54,-08:00,2025-02-07T21:28:54-08:00,0,5
projects/index.html,18,html,ebd4d434,t2liang,2025-02-08,19:31:07,-08:00,2025-02-08T19:31:07-08:00,0,5
projects/index.html,19,html,ebd4d434,t2liang,2025-02-08,19:31:07,-08:00,2025-02-08T19:31:07-08:00,0,16
projects/index.html,20,html,ebd4d434,t2liang,2025-02-08,19:31:07,-08:00,2025-02-08T19:31:07-08:00,0,12
projects/index.html,21,html,ebd4d434,t2liang,2025-02-08,19:31:07,-08:00,2025-02-08T19:31:07-08:00,0,27
projects/index.html,22,html,ebd4d434,t2liang,2025-02-08,19:31:07,-08:00,2025-02-08T19:31:07-08:00,0,32
projects/index.html,23,html,ebd4d434,t2liang,2025-02-08,19:31:07,-08:00,2025-02-08T19:31:07-08:00,0,1
projects/index.html,24,html,9fd73370,t2liang,2025-02-01,18:48:52,-08:00,2025-02-01T18:48:52-08:00,0,21
projects/index.html,25,html,9fd73370,t2liang,2025-02-01,18:48:52,-08:00,2025-02-01T18:48:52-08:00,0,50
projects/index.html,26,html,9fd73370,t2liang,2025-02-01,18:48:52,-08:00,2025-02-01T18:48:52-08:00,0,5
projects/index.html,27,html,3a32a447,t2liang,2025-02-01,17:41:53,-08:00,2025-02-01T17:41:53-08:00,0,0
projects/index.html,28,html,4d1f4fc2,t2liang,2025-02-01,22:12:21,-08:00,2025-02-01T22:12:21-08:00,0,50
projects/index.html,29,html,9cfd0a56,t2liang,2025-02-01,14:39:29,-08:00,2025-02-01T14:39:29-08:00,0,49
projects/index.html,30,html,ed767054,t2liang,2025-01-18,21:21:06,-08:00,2025-01-18T21:21:06-08:00,0,6
projects/index.html,31,html,d2ed11ba,t2liang,2025-02-07,19:39:24,-08:00,2025-02-07T19:39:24-08:00,0,0
projects/index.html,32,html,212a18ca,t2liang,2025-01-10,17:51:03,-08:00,2025-01-10T17:51:03-08:00,0,0
projects/index.html,33,html,212a18ca,t2liang,2025-01-10,17:51:03,-08:00,2025-01-10T17:51:03-08:00,0,6
meta/main.js,1,js,f8a697f8,t2liang,2025-02-13,23:55:32,-08:00,2025-02-13T23:55:32-08:00,0,0
meta/main.js,2,js,95a4e44c,t2liang,2025-02-13,20:08:22,-08:00,2025-02-13T20:08:22-08:00,0,13
meta/main.js,3,js,95a4e44c,t2liang,2025-02-13,20:08:22,-08:00,2025-02-13T20:08:22-08:00,0,0
meta/main.js,4,js,f8a697f8,t2liang,2025-02-13,23:55:32,-08:00,2025-02-13T23:55:32-08:00,0,0
meta/main.js,5,js,7fc55887,t2liang,2025-02-13,20:48:58,-08:00,2025-02-13T20:48:58-08:00,0,26
meta/main.js,6,js,f8a697f8,t2liang,2025-02-13,23:55:32,-08:00,2025-02-13T23:55:32-08:00,0,30
meta/main.js,7,js,f8a697f8,t2liang,2025-02-13,23:55:32,-08:00,2025-02-13T23:55:32-08:00,0,17
meta/main.js,8,js,7fc55887,t2liang,2025-02-13,20:48:58,-08:00,2025-02-13T20:48:58-08:00,0,0
meta/main.js,9,js,95a4e44c,t2liang,2025-02-13,20:08:22,-08:00,2025-02-13T20:08:22-08:00,0,0
meta/main.js,10,js,95a4e44c,t2liang,2025-02-13,20:08:22,-08:00,2025-02-13T20:08:22-08:00,0,58
meta/main.js,11,js,95a4e44c,t2liang,2025-02-13,20:08:22,-08:00,2025-02-13T20:08:22-08:00,0,16
meta/main.js,12,js,95a4e44c,t2liang,2025-02-13,20:08:22,-08:00,2025-02-13T20:08:22-08:00,0,2
meta/main.js,13,js,95a4e44c,t2liang,2025-02-13,20:08:22,-08:00,2025-02-13T20:08:22-08:00,0,0
meta/main.js,14,js,7fc55887,t2liang,2025-02-13,20:48:58,-08:00,2025-02-13T20:48:58-08:00,0,24
meta/main.js,15,js,7fc55887,t2liang,2025-02-13,20:48:58,-08:00,2025-02-13T20:48:58-08:00,0,21
meta/main.js,16,js,7fc55887,t2liang,2025-02-13,20:48:58,-08:00,2025-02-13T20:48:58-08:00,0,16
meta/main.js,17,js,7fc55887,t2liang,2025-02-13,20:48:58,-08:00,2025-02-13T20:48:58-08:00,0,0
meta/main.js,18,js,7fc55887,t2liang,2025-02-13,20:48:58,-08:00,2025-02-13T20:48:58-08:00,0,25
meta/main.js,19,js,7fc55887,t2liang,2025-02-13,20:48:58,-08:00,2025-02-13T20:48:58-08:00,0,66
meta/main.js,20,js,7fc55887,t2liang,2025-02-13,20:48:58,-08:00,2025-02-13T20:48:58-08:00,0,0
meta/main.js,21,js,7fc55887,t2liang,2025-02-13,20:48:58,-08:00,2025-02-13T20:48:58-08:00,0,15
meta/main.js,22,js,7fc55887,t2liang,2025-02-13,20:48:58,-08:00,2025-02-13T20:48:58-08:00,0,68
meta/main.js,23,js,7fc55887,t2liang,2025-02-13,20:48:58,-08:00,2025-02-13T20:48:58-08:00,0,33
meta/main.js,24,js,7fc55887,t2liang,2025-02-13,20:48:58,-08:00,2025-02-13T20:48:58-08:00,0,0
meta/main.js,25,js,7fc55887,t2liang,2025-02-13,20:48:58,-08:00,2025-02-13T20:48:58-08:00,0,19
meta/main.js,26,js,7fc55887,t2liang,2025-02-13,20:48:58,-08:00,2025-02-13T20:48:58-08:00,0,37
meta/main.js,27,js,7fc55887,t2liang,2025-02-13,20:48:58,-08:00,2025-02-13T20:48:58-08:00,0,36
meta/main.js,28,js,7fc55887,t2liang,2025-02-13,20:48:58,-08:00,2025-02-13T20:48:58-08:00,0,0
meta/main.js,29,js,7fc55887,t2liang,2025-02-13,20:48:58,-08:00,2025-02-13T20:48:58-08:00,0,31
meta/main.js,30,js,7fc55887,t2liang,2025-02-13,20:48:58,-08:00,2025-02-13T20:48:58-08:00,0,84
meta/main.js,31,js,7fc55887,t2liang,2025-02-13,20:48:58,-08:00,2025-02-13T20:48:58-08:00,0,108
meta/main.js,32,js,7fc55887,t2liang,2025-02-13,20:48:58,-08:00,2025-02-13T20:48:58-08:00,0,107
meta/main.js,33,js,7fc55887,t2liang,2025-02-13,20:48:58,-08:00,2025-02-13T20:48:58-08:00,0,84
meta/main.js,34,js,7fc55887,t2liang,2025-02-13,20:48:58,-08:00,2025-02-13T20:48:58-08:00,0,104
meta/main.js,35,js,7fc55887,t2liang,2025-02-13,20:48:58,-08:00,2025-02-13T20:48:58-08:00,0,0
meta/main.js,36,js,7fc55887,t2liang,2025-02-13,20:48:58,-08:00,2025-02-13T20:48:58-08:00,0,21
meta/main.js,37,js,7fc55887,t2liang,2025-02-13,20:48:58,-08:00,2025-02-13T20:48:58-08:00,0,39
meta/main.js,38,js,7fc55887,t2liang,2025-02-13,20:48:58,-08:00,2025-02-13T20:48:58-08:00,0,27
meta/main.js,39,js,7fc55887,t2liang,2025-02-13,20:48:58,-08:00,2025-02-13T20:48:58-08:00,0,0
meta/main.js,40,js,7fc55887,t2liang,2025-02-13,20:48:58,-08:00,2025-02-13T20:48:58-08:00,0,21
meta/main.js,41,js,7fc55887,t2liang,2025-02-13,20:48:58,-08:00,2025-02-13T20:48:58-08:00,0,47
meta/main.js,42,js,7fc55887,t2liang,2025-02-13,20:48:58,-08:00,2025-02-13T20:48:58-08:00,0,34
meta/main.js,43,js,7fc55887,t2liang,2025-02-13,20:48:58,-08:00,2025-02-13T20:48:58-08:00,0,0
meta/main.js,44,js,7fc55887,t2liang,2025-02-13,20:48:58,-08:00,2025-02-13T20:48:58-08:00,0,25
meta/main.js,45,js,7fc55887,t2liang,2025-02-13,20:48:58,-08:00,2025-02-13T20:48:58-08:00,0,51
meta/main.js,46,js,7fc55887,t2liang,2025-02-13,20:48:58,-08:00,2025-02-13T20:48:58-08:00,0,45
meta/main.js,47,js,7fc55887,t2liang,2025-02-13,20:48:58,-08:00,2025-02-13T20:48:58-08:00,0,0
meta/main.js,48,js,7fc55887,t2liang,2025-02-13,20:48:58,-08:00,2025-02-13T20:48:58-08:00,0,25
meta/main.js,49,js,7fc55887,t2liang,2025-02-13,20:48:58,-08:00,2025-02-13T20:48:58-08:00,0,49
meta/main.js,50,js,7fc55887,t2liang,2025-02-13,20:48:58,-08:00,2025-02-13T20:48:58-08:00,0,35
meta/main.js,51,js,7fc55887,t2liang,2025-02-13,20:48:58,-08:00,2025-02-13T20:48:58-08:00,0,0
meta/main.js,52,js,7fc55887,t2liang,2025-02-13,20:48:58,-08:00,2025-02-13T20:48:58-08:00,0,18
meta/main.js,53,js,7fc55887,t2liang,2025-02-13,20:48:58,-08:00,2025-02-13T20:48:58-08:00,0,87
meta/main.js,54,js,7fc55887,t2liang,2025-02-13,20:48:58,-08:00,2025-02-13T20:48:58-08:00,0,36
meta/main.js,55,js,7fc55887,t2liang,2025-02-13,20:48:58,-08:00,2025-02-13T20:48:58-08:00,0,41
meta/main.js,56,js,7fc55887,t2liang,2025-02-13,20:48:58,-08:00,2025-02-13T20:48:58-08:00,0,0
meta/index.html,1,html,c9e0ad65,t2liang,2025-02-12,16:51:15,-08:00,2025-02-12T16:51:15-08:00,0,14
meta/index.html,2,html,c9e0ad65,t2liang,2025-02-12,16:51:15,-08:00,2025-02-12T16:51:15-08:00,0,15
meta/index.html,3,html,c9e0ad65,t2liang,2025-02-12,16:51:15,-08:00,2025-02-12T16:51:15-08:00,0,5
meta/index.html,4,html,c9e0ad65,t2liang,2025-02-12,16:51:15,-08:00,2025-02-12T16:51:15-08:00,0,42
meta/index.html,5,html,c9e0ad65,t2liang,2025-02-12,16:51:15,-08:00,2025-02-12T16:51:15-08:00,0,21
meta/index.html,6,html,c9e0ad65,t2liang,2025-02-12,16:51:15,-08:00,2025-02-12T16:51:15-08:00,0,69
meta/index.html,7,html,c9e0ad65,t2liang,2025-02-12,16:51:15,-08:00,2025-02-12T16:51:15-08:00,0,20
meta/index.html,8,html,c9e0ad65,t2liang,2025-02-12,16:51:15,-08:00,2025-02-12T16:51:15-08:00,0,6
meta/index.html,9,html,c9e0ad65,t2liang,2025-02-12,16:51:15,-08:00,2025-02-12T16:51:15-08:00,0,5
meta/index.html,10,html,95a4e44c,t2liang,2025-02-13,20:08:22,-08:00,2025-02-13T20:08:22-08:00,0,12
meta/index.html,11,html,95a4e44c,t2liang,2025-02-13,20:08:22,-08:00,2025-02-13T20:08:22-08:00,0,21
meta/index.html,12,html,95a4e44c,t2liang,2025-02-13,20:08:22,-08:00,2025-02-13T20:08:22-08:00,0,52
meta/index.html,13,html,0484b531,t2liang,2025-02-13,22:34:59,-08:00,2025-02-13T22:34:59-08:00,0,32
meta/index.html,14,html,95a4e44c,t2liang,2025-02-13,20:08:22,-08:00,2025-02-13T20:08:22-08:00,0,6
contact/index.html,1,html,580851ce,t2liang,2025-01-10,17:39:01,-08:00,2025-01-10T17:39:01-08:00,0,14
contact/index.html,2,html,580851ce,t2liang,2025-01-10,17:39:01,-08:00,2025-01-10T17:39:01-08:00,0,15
contact/index.html,3,html,62a2ff38,t2liang,2025-01-10,19:36:17,-08:00,2025-01-10T19:36:17-08:00,0,5
contact/index.html,4,html,01edd9ec,t2liang,2025-01-18,19:29:42,-08:00,2025-01-18T19:29:42-08:00,0,42
contact/index.html,5,html,62a2ff38,t2liang,2025-01-10,19:36:17,-08:00,2025-01-10T19:36:17-08:00,0,21
contact/index.html,6,html,62a2ff38,t2liang,2025-01-10,19:36:17,-08:00,2025-01-10T19:36:17-08:00,0,69
contact/index.html,7,html,62a2ff38,t2liang,2025-01-10,19:36:17,-08:00,2025-01-10T19:36:17-08:00,0,28
contact/index.html,8,html,580851ce,t2liang,2025-01-10,17:39:01,-08:00,2025-01-10T17:39:01-08:00,0,6
contact/index.html,9,html,580851ce,t2liang,2025-01-10,17:39:01,-08:00,2025-01-10T17:39:01-08:00,0,17
contact/index.html,10,html,580851ce,t2liang,2025-01-10,17:39:01,-08:00,2025-01-10T17:39:01-08:00,0,5
contact/index.html,11,html,580851ce,t2liang,2025-01-10,17:39:01,-08:00,2025-01-10T17:39:01-08:00,0,73
contact/index.html,12,html,580851ce,t2liang,2025-01-10,17:39:01,-08:00,2025-01-10T17:39:01-08:00,0,22
contact/index.html,13,html,580851ce,t2liang,2025-01-10,17:39:01,-08:00,2025-01-10T17:39:01-08:00,0,6
contact/index.html,14,html,580851ce,t2liang,2025-01-10,17:39:01,-08:00,2025-01-10T17:39:01-08:00,0,5
contact/index.html,15,html,580851ce,t2liang,2025-01-10,17:39:01,-08:00,2025-01-10T17:39:01-08:00,0,41
contact/index.html,16,html,580851ce,t2liang,2025-01-10,17:39:01,-08:00,2025-01-10T17:39:01-08:00,0,7
contact/index.html,17,html,580851ce,t2liang,2025-01-10,17:39:01,-08:00,2025-01-10T17:39:01-08:00,0,0
contact/index.html,18,html,580851ce,t2liang,2025-01-10,17:39:01,-08:00,2025-01-10T17:39:01-08:00,0,15
contact/index.html,19,html,580851ce,t2liang,2025-01-10,17:39:01,-08:00,2025-01-10T17:39:01-08:00,0,6
contact/index.html,20,html,580851ce,t2liang,2025-01-10,17:39:01,-08:00,2025-01-10T17:39:01-08:00,0,7
contact/index.html,21,html,580851ce,t2liang,2025-01-10,17:39:01,-08:00,2025-01-10T17:39:01-08:00,0,42
contact/index.html,22,html,580851ce,t2liang,2025-01-10,17:39:01,-08:00,2025-01-10T17:39:01-08:00,0,7
contact/index.html,23,html,580851ce,t2liang,2025-01-10,17:39:01,-08:00,2025-01-10T17:39:01-08:00,0,0
contact/index.html,24,html,580851ce,t2liang,2025-01-10,17:39:01,-08:00,2025-01-10T17:39:01-08:00,0,15
contact/index.html,25,html,580851ce,t2liang,2025-01-10,17:39:01,-08:00,2025-01-10T17:39:01-08:00,0,6
contact/index.html,26,html,580851ce,t2liang,2025-01-10,17:39:01,-08:00,2025-01-10T17:39:01-08:00,0,7
contact/index.html,27,html,580851ce,t2liang,2025-01-10,17:39:01,-08:00,2025-01-10T17:39:01-08:00,0,50
contact/index.html,28,html,580851ce,t2liang,2025-01-10,17:39:01,-08:00,2025-01-10T17:39:01-08:00,0,7
contact/index.html,29,html,580851ce,t2liang,2025-01-10,17:39:01,-08:00,2025-01-10T17:39:01-08:00,0,0
contact/index.html,30,html,580851ce,t2liang,2025-01-10,17:39:01,-08:00,2025-01-10T17:39:01-08:00,0,21
contact/index.html,31,html,580851ce,t2liang,2025-01-10,17:39:01,-08:00,2025-01-10T17:39:01-08:00,0,22
contact/index.html,32,html,ac08f9d8,t2liang,2025-01-31,20:19:00,-08:00,2025-01-31T20:19:00-08:00,0,6
contact/index.html,33,html,9cfd0a56,t2liang,2025-02-01,14:39:29,-08:00,2025-02-01T14:39:29-08:00,0,49
contact/index.html,34,html,580851ce,t2liang,2025-01-10,17:39:01,-08:00,2025-01-10T17:39:01-08:00,0,6
contact/index.html,35,html,580851ce,t2liang,2025-01-10,17:39:01,-08:00,2025-01-10T17:39:01-08:00,0,6
